Name,Start,End,Size
entry,0x00100000,0x00100088,136
FUN_00100088,0x00100088,0x001000B8,48
FUN_001000b8,0x001000B8,0x001000C0,8
FUN_00100468,0x00100468,0x00100490,40
zz_FUN_00100490,0x00100490,0x00100498,8
FUN_00100498,0x00100498,0x001004A0,8
zz_FUN_001004A0,0x001004A0,0x00100628,392
FUN_00100628,0x00100628,0x00100638,16
zz_FUN_00100638,0x00100638,0x00100720,232
FUN_00100720,0x00100720,0x00100760,64
zz_FUN_00100760,0x00100760,0x00100768,8
FUN_00100768,0x00100768,0x00100794,44
zz_FUN_00100794,0x00100794,0x001007A0,12
FUN_001007a0,0x001007A0,0x001007E0,64
zz_FUN_001007E0,0x001007E0,0x001007E8,8
FUN_001007e8,0x001007E8,0x001007FC,20
zz_FUN_001007FC,0x001007FC,0x00100808,12
FUN_00100808,0x00100808,0x00100828,32
zz_FUN_00100828,0x00100828,0x00100978,336
FUN_00100978,0x00100978,0x0010099C,36
FUN_00100da0,0x00100DA0,0x00100DAC,12
FUN_00100de0,0x00100DE0,0x00100E28,72
FUN_00100e30,0x00100E30,0x00100EA4,116
FUN_00100eb0,0x00100EB0,0x00100ED0,32
FUN_00101190,0x00101190,0x001011B8,40
FUN_00101248,0x00101248,0x001012CC,132
FUN_001012d8,0x001012D8,0x00101338,96
FUN_00101528,0x00101528,0x00101550,40
FUN_00101568,0x00101568,0x00101570,8
FUN_001018f0,0x001018F0,0x001018F8,8
FUN_00101af0,0x00101AF0,0x00101B2C,60
FUN_00101b40,0x00101B40,0x00101B8C,76
FUN_00101be0,0x00101BE0,0x00101BE8,8
FUN_00101c80,0x00101C80,0x00101C8C,12
FUN_00102050,0x00102050,0x00102070,32
FUN_001021a0,0x001021A0,0x001021E0,64
FUN_001022d0,0x001022D0,0x00102340,112
FUN_00102358,0x00102358,0x00102360,8
FUN_001023f8,0x001023F8,0x00102404,12
FUN_001024f0,0x001024F0,0x001024F8,8
FUN_00102568,0x00102568,0x00102590,40
FUN_001025a0,0x001025A0,0x001025BC,28
FUN_00102658,0x00102658,0x00102660,8
FUN_00102748,0x00102748,0x001027EC,164
FUN_00102840,0x00102840,0x001028A8,104
FUN_001028b0,0x001028B0,0x001028C0,16
FUN_001028c8,0x001028C8,0x00102970,168
FUN_00102988,0x00102988,0x0010299C,20
FUN_00102ab8,0x00102AB8,0x00102B14,92
FUN_00102c20,0x00102C20,0x00102C34,20
FUN_00103100,0x00103100,0x00103110,16
FUN_001031e0,0x001031E0,0x001031E8,8
FUN_001032e0,0x001032E0,0x001032F0,16
FUN_001034c0,0x001034C0,0x001034FC,60
FUN_00103538,0x00103538,0x00103564,44
FUN_00103578,0x00103578,0x0010362C,180
FUN_00103640,0x00103640,0x00103648,8
FUN_00103818,0x00103818,0x00103824,12
FUN_001039f8,0x001039F8,0x00103A30,56
FUN_00103a38,0x00103A38,0x00103A48,16
FUN_00103b28,0x00103B28,0x00103B48,32
FUN_00103b50,0x00103B50,0x00103B68,24
FUN_00103b78,0x00103B78,0x00103B7C,4
FUN_00103c10,0x00103C10,0x00103C18,8
FUN_00103ca0,0x00103CA0,0x00103CB0,16
FUN_00103d58,0x00103D58,0x00103D84,44
FUN_00103e60,0x00103E60,0x00103E68,8
FUN_00103ea0,0x00103EA0,0x00103EB4,20
FUN_00104198,0x00104198,0x001041A0,8
FUN_001041b8,0x001041B8,0x001041D4,28
FUN_00104568,0x00104568,0x00104580,24
FUN_00104658,0x00104658,0x00104678,32
FUN_00104940,0x00104940,0x00104948,8
FUN_00104960,0x00104960,0x00104968,8
FUN_00104cf0,0x00104CF0,0x00104CF8,8
FUN_00104d60,0x00104D60,0x00104D68,8
FUN_00104dc8,0x00104DC8,0x00104DD4,12
FUN_00104e58,0x00104E58,0x00104E60,8
FUN_001054b0,0x001054B0,0x001054B8,8
FUN_001058c0,0x001058C0,0x001058D8,24
FUN_00106058,0x00106058,0x0010605C,4
FUN_00106108,0x00106108,0x00106110,8
FUN_00106418,0x00106418,0x001064A8,144
FUN_001064f8,0x001064F8,0x00106500,8
FUN_001066d8,0x001066D8,0x001066EC,20
FUN_00106820,0x00106820,0x00106828,8
FUN_001069e8,0x001069E8,0x00106A98,176
FUN_00106aa0,0x00106AA0,0x00106AB8,24
FUN_00106c10,0x00106C10,0x00106C4C,60
FUN_00106c68,0x00106C68,0x00106C78,16
FUN_00106d40,0x00106D40,0x00106D94,84
FUN_00106da0,0x00106DA0,0x00106DD4,52
FUN_00106de8,0x00106DE8,0x00106E04,28
FUN_00106fc0,0x00106FC0,0x00107004,68
FUN_00107010,0x00107010,0x00107050,64
FUN_00107058,0x00107058,0x001070B0,88
FUN_001070b8,0x001070B8,0x001070E0,40
FUN_001070e8,0x001070E8,0x001070F8,16
FUN_00107380,0x00107380,0x0010739C,28
FUN_001073f8,0x001073F8,0x00107454,92
FUN_00107460,0x00107460,0x00107470,16
FUN_00107590,0x00107590,0x001075A8,24
FUN_001076b8,0x001076B8,0x001076C8,16
FUN_00107758,0x00107758,0x0010777C,36
FUN_00107790,0x00107790,0x001077B4,36
FUN_001077c8,0x001077C8,0x001077EC,36
FUN_00107800,0x00107800,0x00107824,36
FUN_00107838,0x00107838,0x00107848,16
FUN_00107858,0x00107858,0x0010786C,20
FUN_001078c0,0x001078C0,0x001078C8,8
FUN_00107aa8,0x00107AA8,0x00107AC0,24
FUN_00107c98,0x00107C98,0x00107CF4,92
FUN_00107d00,0x00107D00,0x00107D58,88
FUN_00107d68,0x00107D68,0x00107D74,12
FUN_00108250,0x00108250,0x0010830C,188
FUN_00108318,0x00108318,0x001083D8,192
FUN_00108450,0x00108450,0x0010845C,12
FUN_00108520,0x00108520,0x0010852C,12
FUN_001088f0,0x001088F0,0x00108900,16
FUN_001089e0,0x001089E0,0x001089E4,4
FUN_00108af0,0x00108AF0,0x00108B18,40
FUN_00109270,0x00109270,0x00109280,16
FUN_001092e8,0x001092E8,0x001092F8,16
FUN_001093b0,0x001093B0,0x001093B1,1
FUN_00109408,0x00109408,0x00109460,88
FUN_00109548,0x00109548,0x00109558,16
FUN_00109698,0x00109698,0x001096B8,32
FUN_001097e8,0x001097E8,0x00109800,24
FUN_00109948,0x00109948,0x00109954,12
FUN_00109b30,0x00109B30,0x00109B40,16
FUN_00109c90,0x00109C90,0x00109CA0,16
FUN_00109d40,0x00109D40,0x00109DD0,144
FUN_00109f28,0x00109F28,0x00109F3C,20
FUN_0010a388,0x0010A388,0x0010A3B0,40
FUN_0010a3f0,0x0010A3F0,0x0010A400,16
FUN_0010a500,0x0010A500,0x0010A548,72
FUN_0010a558,0x0010A558,0x0010A57C,36
FUN_0010a590,0x0010A590,0x0010A5A8,24
FUN_0010a960,0x0010A960,0x0010A968,8
FUN_0010abd8,0x0010ABD8,0x0010ABDC,4
FUN_0010afb8,0x0010AFB8,0x0010AFC0,8
FUN_0010aff8,0x0010AFF8,0x0010AFFC,4
FUN_0010b290,0x0010B290,0x0010B294,4
FUN_0010b3f8,0x0010B3F8,0x0010B454,92
FUN_0010b460,0x0010B460,0x0010B468,8
FUN_0010bbf8,0x0010BBF8,0x0010BC58,96
FUN_0010bc98,0x0010BC98,0x0010BCB0,24
FUN_0010be90,0x0010BE90,0x0010BEE8,88
FUN_0010c078,0x0010C078,0x0010C088,16
FUN_0010c1b0,0x0010C1B0,0x0010C1C8,24
FUN_0010c1d8,0x0010C1D8,0x0010C23C,100
FUN_0010c328,0x0010C328,0x0010C34C,36
FUN_0010c358,0x0010C358,0x0010C370,24
FUN_0010c4d8,0x0010C4D8,0x0010C4F4,28
FUN_0010c510,0x0010C510,0x0010C52C,28
FUN_0010c548,0x0010C548,0x0010C578,48
FUN_0010c7f8,0x0010C7F8,0x0010C7FC,4
FUN_0010ca50,0x0010CA50,0x0010CA70,32
FUN_0010cbc8,0x0010CBC8,0x0010CBD0,8
FUN_0010ce38,0x0010CE38,0x0010CE70,56
FUN_0010ce88,0x0010CE88,0x0010CE8C,4
FUN_0010ced0,0x0010CED0,0x0010CEF0,32
FUN_0010d198,0x0010D198,0x0010D1A0,8
FUN_0010d3c8,0x0010D3C8,0x0010D3DC,20
FUN_0010d618,0x0010D618,0x0010D61C,4
FUN_0010d9e8,0x0010D9E8,0x0010DA5C,116
FUN_0010dfa8,0x0010DFA8,0x0010DFB4,12
FUN_0010e2a8,0x0010E2A8,0x0010E2BC,20
FUN_0010e590,0x0010E590,0x0010E598,8
FUN_0010ebb0,0x0010EBB0,0x0010EBC0,16
FUN_0010ee60,0x0010EE60,0x0010EE64,4
FUN_0010eed8,0x0010EED8,0x0010EEE4,12
FUN_0010ef38,0x0010EF38,0x0010EF74,60
FUN_0010ef80,0x0010EF80,0x0010EF88,8
FUN_0010f008,0x0010F008,0x0010F080,120
FUN_0010f198,0x0010F198,0x0010F210,120
FUN_0010f3d8,0x0010F3D8,0x0010F3F4,28
FUN_0010f400,0x0010F400,0x0010F41C,28
FUN_0010f4b8,0x0010F4B8,0x0010F4D4,28
FUN_0010f628,0x0010F628,0x0010F64C,36
FUN_0010f6b8,0x0010F6B8,0x0010F6D0,24
FUN_0010fa38,0x0010FA38,0x0010FA40,8
FUN_0010fae0,0x0010FAE0,0x0010FAFC,28
FUN_0010fcb8,0x0010FCB8,0x0010FCCC,20
FUN_0010fe20,0x0010FE20,0x0010FE5C,60
FUN_0010ff20,0x0010FF20,0x0010FF28,8
FUN_001100b0,0x001100B0,0x001100CC,28
FUN_00110100,0x00110100,0x00110110,16
FUN_00110518,0x00110518,0x00110538,32
FUN_00110be0,0x00110BE0,0x00110C10,48
FUN_00110cf0,0x00110CF0,0x00110D30,64
FUN_00110da0,0x00110DA0,0x00110DAC,12
FUN_00110eb0,0x00110EB0,0x00110EF0,64
FUN_00110f18,0x00110F18,0x00110F50,56
FUN_00110f78,0x00110F78,0x00110F90,24
FUN_00110f98,0x00110F98,0x00110FA4,12
FUN_00111150,0x00111150,0x00111160,16
FUN_00111220,0x00111220,0x00111224,4
FUN_00111300,0x00111300,0x00111304,4
FUN_00111408,0x00111408,0x0011141C,20
FUN_001116c0,0x001116C0,0x001116C8,8
FUN_00111838,0x00111838,0x00111848,16
FUN_00111940,0x00111940,0x00111948,8
FUN_00111d08,0x00111D08,0x00111D50,72
FUN_00111ea0,0x00111EA0,0x00111F0C,108
FUN_00111f28,0x00111F28,0x00111FA8,128
FUN_00111fd0,0x00111FD0,0x00112040,112
FUN_00112048,0x00112048,0x0011206C,36
FUN_001120c0,0x001120C0,0x001120C8,8
FUN_001120f0,0x001120F0,0x00112104,20
FUN_00112428,0x00112428,0x00112438,16
FUN_00112818,0x00112818,0x001128C8,176
FUN_001128e0,0x001128E0,0x00112970,144
FUN_00112988,0x00112988,0x00112994,12
FUN_00112d68,0x00112D68,0x00112DEC,132
FUN_00112ec8,0x00112EC8,0x00112ED8,16
FUN_001131b0,0x001131B0,0x001131D0,32
FUN_00113690,0x00113690,0x001136B0,32
FUN_00113700,0x00113700,0x00113718,24
FUN_001137d0,0x001137D0,0x001137DC,12
FUN_00113a20,0x00113A20,0x00113A28,8
FUN_00113ca8,0x00113CA8,0x00113CBC,20
FUN_00113f08,0x00113F08,0x00113F18,16
FUN_00114050,0x00114050,0x00114051,1
FUN_001140d0,0x001140D0,0x001141BC,236
FUN_001142c8,0x001142C8,0x00114300,56
FUN_00114310,0x00114310,0x00114318,8
FUN_00114458,0x00114458,0x00114470,24
FUN_00114490,0x00114490,0x001144B8,40
FUN_001144c8,0x001144C8,0x001144D0,8
FUN_00114628,0x00114628,0x0011463C,20
FUN_00114900,0x00114900,0x00114934,52
FUN_00114a18,0x00114A18,0x00114A2C,20
FUN_00114a38,0x00114A38,0x00114A40,8
FUN_00114bb8,0x00114BB8,0x00114BC4,12
FUN_00114cb0,0x00114CB0,0x00114D38,136
FUN_00114d78,0x00114D78,0x00114E00,136
FUN_00114e08,0x00114E08,0x00114E0C,4
FUN_00115050,0x00115050,0x00115084,52
FUN_001150d0,0x001150D0,0x00115178,168
FUN_00115188,0x00115188,0x0011519C,20
FUN_00115398,0x00115398,0x001153A0,8
FUN_001153b0,0x001153B0,0x001153B8,8
FUN_00115518,0x00115518,0x00115530,24
FUN_001155d8,0x001155D8,0x00115614,60
FUN_00115770,0x00115770,0x00115778,8
FUN_00115a78,0x00115A78,0x00115AB4,60
FUN_00115c30,0x00115C30,0x00115C34,4
FUN_00115dd0,0x00115DD0,0x00115DD4,4
FUN_00116270,0x00116270,0x00116274,4
FUN_00116440,0x00116440,0x00116450,16
FUN_001164b0,0x001164B0,0x001164C8,24
FUN_00116678,0x00116678,0x0011667C,4
FUN_00116740,0x00116740,0x00116748,8
FUN_00116a08,0x00116A08,0x00116A4C,68
FUN_00116a60,0x00116A60,0x00116A68,8
FUN_00116a80,0x00116A80,0x00116A88,8
FUN_00116bd0,0x00116BD0,0x00116BD8,8
FUN_00116bf0,0x00116BF0,0x00116C20,48
FUN_00116cb8,0x00116CB8,0x00116D20,104
FUN_00116db0,0x00116DB0,0x00116DC8,24
FUN_00116e90,0x00116E90,0x00116E98,8
FUN_00116f48,0x00116F48,0x00116F50,8
FUN_001170a0,0x001170A0,0x001170B4,20
FUN_001170c0,0x001170C0,0x001170D4,20
FUN_00117190,0x00117190,0x00117198,8
FUN_00117448,0x00117448,0x0011744C,4
FUN_00117558,0x00117558,0x0011755C,4
FUN_001179a0,0x001179A0,0x001179C0,32
FUN_00117bf8,0x00117BF8,0x00117C24,44
FUN_00117cf8,0x00117CF8,0x00117D04,12
FUN_00117d68,0x00117D68,0x00117D74,12
FUN_00117e30,0x00117E30,0x00117E34,4
FUN_00117ff8,0x00117FF8,0x00118000,8
FUN_001182f8,0x001182F8,0x001182FC,4
FUN_001187a8,0x001187A8,0x001187B0,8
FUN_001188a8,0x001188A8,0x001188B0,8
FUN_001189b0,0x001189B0,0x001189BC,12
FUN_00118a70,0x00118A70,0x00118A90,32
FUN_00118aa8,0x00118AA8,0x00118AB8,16
FUN_00118d50,0x00118D50,0x00118D58,8
FUN_00118e60,0x00118E60,0x00118E70,16
FUN_00118f08,0x00118F08,0x00118F40,56
FUN_00118f88,0x00118F88,0x00118F94,12
FUN_00119198,0x00119198,0x001191A0,8
FUN_00119380,0x00119380,0x00119384,4
FUN_00119430,0x00119430,0x00119440,16
FUN_00119460,0x00119460,0x00119464,4
FUN_001194c0,0x001194C0,0x001194C8,8
FUN_001194f8,0x001194F8,0x00119500,8
FUN_00119538,0x00119538,0x0011956C,52
FUN_00119580,0x00119580,0x00119588,8
FUN_00119b80,0x00119B80,0x00119B98,24
FUN_00119ce0,0x00119CE0,0x00119CE8,8
FUN_00119d70,0x00119D70,0x00119D98,40
FUN_00119f00,0x00119F00,0x00119F18,24
FUN_0011a300,0x0011A300,0x0011A318,24
FUN_0011a378,0x0011A378,0x0011A3C0,72
FUN_0011a550,0x0011A550,0x0011A57C,44
FUN_0011a5a0,0x0011A5A0,0x0011A5C4,36
FUN_0011a688,0x0011A688,0x0011A6C8,64
FUN_0011a6d0,0x0011A6D0,0x0011A70C,60
FUN_0011a858,0x0011A858,0x0011A86C,20
FUN_0011a8d8,0x0011A8D8,0x0011A92C,84
FUN_0011a948,0x0011A948,0x0011A96C,36
FUN_0011aa78,0x0011AA78,0x0011AA94,28
FUN_0011abd8,0x0011ABD8,0x0011ABE4,12
FUN_0011ac30,0x0011AC30,0x0011AC50,32
FUN_0011aea8,0x0011AEA8,0x0011AEB0,8
FUN_0011af10,0x0011AF10,0x0011AF18,8
FUN_0011af30,0x0011AF30,0x0011AF40,16
FUN_0011af88,0x0011AF88,0x0011AFA0,24
FUN_0011b370,0x0011B370,0x0011B3A4,52
FUN_0011b3b0,0x0011B3B0,0x0011B3B8,8
FUN_0011b3d0,0x0011B3D0,0x0011B3D4,4
FUN_0011b5c0,0x0011B5C0,0x0011B5D4,20
FUN_0011b700,0x0011B700,0x0011B708,8
FUN_0011bb58,0x0011BB58,0x0011BB78,32
FUN_0011be20,0x0011BE20,0x0011BE2C,12
FUN_0011bed8,0x0011BED8,0x0011BEEC,20
FUN_0011bef8,0x0011BEF8,0x0011BF98,160
FUN_0011bfa0,0x0011BFA0,0x0011BFB0,16
FUN_0011c050,0x0011C050,0x0011C058,8
FUN_0011c0f8,0x0011C0F8,0x0011C0FC,4
FUN_0011c1b8,0x0011C1B8,0x0011C1C4,12
FUN_0011c200,0x0011C200,0x0011C234,52
FUN_0011c258,0x0011C258,0x0011C264,12
FUN_0011c2a0,0x0011C2A0,0x0011C2B0,16
FUN_0011c368,0x0011C368,0x0011C388,32
FUN_0011c438,0x0011C438,0x0011C448,16
FUN_0011c498,0x0011C498,0x0011C508,112
FUN_0011c510,0x0011C510,0x0011C56C,92
FUN_0011c580,0x0011C580,0x0011C59C,28
FUN_0011c5e0,0x0011C5E0,0x0011C654,116
FUN_0011c670,0x0011C670,0x0011C678,8
FUN_0011c780,0x0011C780,0x0011C7BC,60
FUN_0011c7f8,0x0011C7F8,0x0011C810,24
FUN_0011c9a0,0x0011C9A0,0x0011C9B0,16
FUN_0011cad8,0x0011CAD8,0x0011CBCC,244
FUN_0011cc18,0x0011CC18,0x0011CC2C,20
FUN_0011cd18,0x0011CD18,0x0011CD94,124
FUN_0011cdb0,0x0011CDB0,0x0011CDB4,4
FUN_0011cdc0,0x0011CDC0,0x0011CE48,136
FUN_0011ce68,0x0011CE68,0x0011CE74,12
FUN_0011cf88,0x0011CF88,0x0011CFB4,44
FUN_0011d030,0x0011D030,0x0011D064,52
FUN_0011d090,0x0011D090,0x0011D0A8,24
FUN_0011d0d0,0x0011D0D0,0x0011D0DC,12
FUN_0011d138,0x0011D138,0x0011D150,24
FUN_0011d178,0x0011D178,0x0011D190,24
FUN_0011d1b8,0x0011D1B8,0x0011D1D0,24
FUN_0011d1f8,0x0011D1F8,0x0011D210,24
FUN_0011d238,0x0011D238,0x0011D278,64
FUN_0011d290,0x0011D290,0x0011D2D0,64
FUN_0011d2e8,0x0011D2E8,0x0011D2F8,16
FUN_0011d4c0,0x0011D4C0,0x0011D4E0,32
FUN_0011d688,0x0011D688,0x0011D6A4,28
FUN_0011d6b0,0x0011D6B0,0x0011D6B4,4
FUN_0011d8d8,0x0011D8D8,0x0011D8E0,8
FUN_0011de60,0x0011DE60,0x0011DF68,264
FUN_0011e000,0x0011E000,0x0011E008,8
FUN_0011e248,0x0011E248,0x0011E250,8
FUN_0011e338,0x0011E338,0x0011E358,32
FUN_0011e430,0x0011E430,0x0011E450,32
FUN_0011e558,0x0011E558,0x0011E560,8
FUN_0011e608,0x0011E608,0x0011E644,60
FUN_0011e700,0x0011E700,0x0011E710,16
FUN_0011e878,0x0011E878,0x0011E880,8
FUN_0011e8d0,0x0011E8D0,0x0011E91C,76
FUN_0011e948,0x0011E948,0x0011E97C,52
FUN_0011e9d0,0x0011E9D0,0x0011EA28,88
FUN_0011eab8,0x0011EAB8,0x0011EAC0,8
FUN_0011ec50,0x0011EC50,0x0011EC54,4
FUN_0011ecc8,0x0011ECC8,0x0011ED1C,84
FUN_0011eda0,0x0011EDA0,0x0011EDB0,16
FUN_0011ee60,0x0011EE60,0x0011EE64,4
FUN_0011efd0,0x0011EFD0,0x0011EFDC,12
FUN_0011f0c0,0x0011F0C0,0x0011F0C4,4
FUN_0011f3f8,0x0011F3F8,0x0011F400,8
FUN_0011f528,0x0011F528,0x0011F530,8
FUN_0011f808,0x0011F808,0x0011F81C,20
FUN_0011f960,0x0011F960,0x0011F96C,12
FUN_0011f9d8,0x0011F9D8,0x0011F9E0,8
FUN_0011fa60,0x0011FA60,0x0011FA74,20
FUN_0011fa80,0x0011FA80,0x0011FA84,4
FUN_0011fd60,0x0011FD60,0x0011FD7C,28
FUN_0011fd88,0x0011FD88,0x0011FDB8,48
FUN_0011fe48,0x0011FE48,0x0011FE4C,4
FUN_0011ff68,0x0011FF68,0x0012001C,180
FUN_00120068,0x00120068,0x00120078,16
FUN_00120130,0x00120130,0x0012014C,28
FUN_001201a8,0x001201A8,0x001201AC,4
FUN_00120270,0x00120270,0x00120290,32
FUN_00120320,0x00120320,0x00120324,4
FUN_00120400,0x00120400,0x00120414,20
FUN_00120500,0x00120500,0x00120518,24
FUN_001206c8,0x001206C8,0x00120730,104
FUN_001207b0,0x001207B0,0x001207C8,24
FUN_001208c0,0x001208C0,0x001208C4,4
FUN_00120a68,0x00120A68,0x00120A78,16
FUN_00120ba8,0x00120BA8,0x00120BB0,8
FUN_00120cd0,0x00120CD0,0x00120CDC,12
FUN_00120e10,0x00120E10,0x00120E2C,28
FUN_00120ea0,0x00120EA0,0x00120EBC,28
FUN_00120f30,0x00120F30,0x00120F38,8
FUN_00121118,0x00121118,0x00121120,8
FUN_00121188,0x00121188,0x0012118C,4
FUN_001211e0,0x001211E0,0x001211E4,4
FUN_001214b0,0x001214B0,0x001214B4,4
FUN_001216a8,0x001216A8,0x001216B8,16
FUN_00121858,0x00121858,0x00121860,8
FUN_001218d0,0x001218D0,0x001218D8,8
FUN_00121a58,0x00121A58,0x00121A5C,4
FUN_00121ab0,0x00121AB0,0x00121AB8,8
FUN_00121ba8,0x00121BA8,0x00121BCC,36
FUN_00121c50,0x00121C50,0x00121C84,52
FUN_00121c90,0x00121C90,0x00121CC4,52
FUN_00121cd8,0x00121CD8,0x00121D70,152
FUN_00121d88,0x00121D88,0x00121D8C,4
FUN_00121e48,0x00121E48,0x00121E50,8
FUN_00122098,0x00122098,0x001220A4,12
FUN_00122148,0x00122148,0x001221AC,100
FUN_001221d0,0x001221D0,0x001221E4,20
FUN_00122310,0x00122310,0x00122318,8
FUN_001223a8,0x001223A8,0x001223B0,8
FUN_00122558,0x00122558,0x00122578,32
FUN_001228d0,0x001228D0,0x001228D8,8
FUN_001229c8,0x001229C8,0x001229E0,24
FUN_00122b98,0x00122B98,0x00122BA4,12
FUN_00122c68,0x00122C68,0x00122CA4,60
FUN_00122cd8,0x00122CD8,0x00122CE8,16
FUN_00122e78,0x00122E78,0x00122E80,8
FUN_00122f08,0x00122F08,0x00122F14,12
FUN_00123010,0x00123010,0x00123014,4
FUN_00123110,0x00123110,0x0012311C,12
FUN_00123438,0x00123438,0x00123454,28
FUN_00123558,0x00123558,0x00123564,12
FUN_00123690,0x00123690,0x001236B0,32
FUN_00123750,0x00123750,0x00123758,8
FUN_00123808,0x00123808,0x00123828,32
FUN_00123958,0x00123958,0x0012396C,20
FUN_00123a38,0x00123A38,0x00123A50,24
FUN_00123b30,0x00123B30,0x00123B3C,12
FUN_00123c18,0x00123C18,0x00123C6C,84
FUN_00123c80,0x00123C80,0x00123C8C,12
FUN_00123d48,0x00123D48,0x00123D74,44
FUN_00123da0,0x00123DA0,0x00123DC0,32
FUN_00123e68,0x00123E68,0x00123E7C,20
FUN_00123ee8,0x00123EE8,0x00123EF8,16
FUN_00123fa0,0x00123FA0,0x00123FAC,12
FUN_00124088,0x00124088,0x0012409C,20
FUN_00124188,0x00124188,0x00124198,16
FUN_00124260,0x00124260,0x00124294,52
FUN_001242a0,0x001242A0,0x001242D4,52
FUN_001242e0,0x001242E0,0x00124314,52
FUN_00124320,0x00124320,0x0012436C,76
FUN_00124378,0x00124378,0x001243AC,52
FUN_001243c0,0x001243C0,0x001243CC,12
FUN_001245a0,0x001245A0,0x001245A4,4
FUN_001245f8,0x001245F8,0x00124624,44
FUN_00124648,0x00124648,0x00124654,12
FUN_001246b0,0x001246B0,0x001246C4,20
FUN_00124930,0x00124930,0x0012493C,12
FUN_001249c8,0x001249C8,0x001249DC,20
FUN_00124cc0,0x00124CC0,0x00124CCC,12
FUN_00124e38,0x00124E38,0x00124E44,12
FUN_00124ff8,0x00124FF8,0x00125000,8
FUN_001251b8,0x001251B8,0x001251C4,12
FUN_001252b0,0x001252B0,0x001252F4,68
FUN_00125338,0x00125338,0x0012533C,4
FUN_001253d8,0x001253D8,0x00125424,76
FUN_00125438,0x00125438,0x00125454,28
FUN_00125610,0x00125610,0x00125614,4
FUN_001256e0,0x001256E0,0x00125700,32
FUN_001257e0,0x001257E0,0x001257F0,16
FUN_00125898,0x00125898,0x001258A4,12
FUN_001259a8,0x001259A8,0x001259AC,4
FUN_00125a18,0x00125A18,0x00125A1C,4
FUN_00125b40,0x00125B40,0x00125B68,40
FUN_00125bb8,0x00125BB8,0x00125BC4,12
FUN_00125c78,0x00125C78,0x00125C7C,4
FUN_00125d48,0x00125D48,0x00125D50,8
FUN_00125dc0,0x00125DC0,0x00125EA0,224
FUN_00125ee0,0x00125EE0,0x00125EEC,12
FUN_00125fd0,0x00125FD0,0x001260B0,224
FUN_00126110,0x00126110,0x00126128,24
FUN_001262d8,0x001262D8,0x00126324,76
FUN_00126330,0x00126330,0x00126338,8
FUN_001263a8,0x001263A8,0x001263B4,12
FUN_00126458,0x00126458,0x00126464,12
FUN_00126568,0x00126568,0x00126648,224
FUN_00126650,0x00126650,0x0012666C,28
FUN_00126798,0x00126798,0x001267B4,28
FUN_00126838,0x00126838,0x00126918,224
FUN_00126920,0x00126920,0x0012693C,28
FUN_00126a68,0x00126A68,0x00126A74,12
FUN_00126c18,0x00126C18,0x00126C34,28
FUN_00126cb8,0x00126CB8,0x00126CBC,4
FUN_00126f78,0x00126F78,0x00126F80,8
FUN_00127048,0x00127048,0x00127068,32
FUN_00127140,0x00127140,0x00127160,32
FUN_00127388,0x00127388,0x00127390,8
FUN_00127670,0x00127670,0x00127678,8
FUN_00127770,0x00127770,0x00127778,8
FUN_00127930,0x00127930,0x00127944,20
FUN_001279b8,0x001279B8,0x001279C8,16
FUN_00127a90,0x00127A90,0x00127A94,4
FUN_00127b58,0x00127B58,0x00127B60,8
FUN_00127ce0,0x00127CE0,0x00127D10,48
FUN_00127d90,0x00127D90,0x00127D98,8
FUN_00127e08,0x00127E08,0x00127E54,76
FUN_00127f50,0x00127F50,0x00127FA0,80
FUN_001280e0,0x001280E0,0x001280E8,8
FUN_001282d0,0x001282D0,0x001282DC,12
FUN_001283f8,0x001283F8,0x00128448,80
FUN_00128468,0x00128468,0x00128478,16
FUN_00128530,0x00128530,0x00128540,16
FUN_00128630,0x00128630,0x00128644,20
FUN_00128818,0x00128818,0x00128834,28
FUN_001288f8,0x001288F8,0x00128904,12
FUN_001289e0,0x001289E0,0x001289E8,8
FUN_00128c78,0x00128C78,0x00128C7C,4
FUN_00128d48,0x00128D48,0x00128D58,16
FUN_00128e30,0x00128E30,0x00128E3C,12
FUN_00128f88,0x00128F88,0x00128F90,8
FUN_00129198,0x00129198,0x001291AC,20
FUN_00129300,0x00129300,0x00129310,16
FUN_00129428,0x00129428,0x00129474,76
FUN_00129488,0x00129488,0x001294A0,24
FUN_00129568,0x00129568,0x0012957C,20
FUN_00129780,0x00129780,0x00129790,16
FUN_00129800,0x00129800,0x00129808,8
FUN_00129918,0x00129918,0x0012991C,4
FUN_00129b58,0x00129B58,0x00129B68,16
FUN_00129d18,0x00129D18,0x00129D2C,20
FUN_00129e48,0x00129E48,0x00129E5C,20
FUN_00129f48,0x00129F48,0x00129F4C,4
FUN_00129fb0,0x00129FB0,0x00129FD4,36
FUN_0012a030,0x0012A030,0x0012A038,8
FUN_0012a118,0x0012A118,0x0012A12C,20
FUN_0012a1b8,0x0012A1B8,0x0012A1CC,20
FUN_0012a2a8,0x0012A2A8,0x0012A2AC,4
FUN_0012a330,0x0012A330,0x0012A348,24
FUN_0012a3c0,0x0012A3C0,0x0012A3EC,44
FUN_0012a460,0x0012A460,0x0012A478,24
FUN_0012a4f8,0x0012A4F8,0x0012A534,60
FUN_0012a598,0x0012A598,0x0012A5B0,24
FUN_0012a5f8,0x0012A5F8,0x0012A628,48
FUN_0012a680,0x0012A680,0x0012A698,24
FUN_0012a6e0,0x0012A6E0,0x0012A710,48
FUN_0012a770,0x0012A770,0x0012A788,24
FUN_0012a7d0,0x0012A7D0,0x0012A800,48
FUN_0012a810,0x0012A810,0x0012A818,8
FUN_0012a880,0x0012A880,0x0012A898,24
FUN_0012a908,0x0012A908,0x0012A934,44
FUN_0012a940,0x0012A940,0x0012A948,8
FUN_0012a9b0,0x0012A9B0,0x0012A9BC,12
FUN_0012ab10,0x0012AB10,0x0012AB74,100
FUN_0012ab90,0x0012AB90,0x0012AB98,8
FUN_0012ac00,0x0012AC00,0x0012AC18,24
FUN_0012ac88,0x0012AC88,0x0012ACB4,44
FUN_0012ace0,0x0012ACE0,0x0012ACE8,8
FUN_0012ad78,0x0012AD78,0x0012AD80,8
FUN_0012ade0,0x0012ADE0,0x0012ADF4,20
FUN_0012ae00,0x0012AE00,0x0012AE08,8
FUN_0012ae68,0x0012AE68,0x0012AE70,8
FUN_0012afc8,0x0012AFC8,0x0012AFD8,16
FUN_0012b030,0x0012B030,0x0012B060,48
FUN_0012b0c0,0x0012B0C0,0x0012B0D8,24
FUN_0012b120,0x0012B120,0x0012B144,36
FUN_0012b1c8,0x0012B1C8,0x0012B1E0,24
FUN_0012b228,0x0012B228,0x0012B258,48
FUN_0012b2b0,0x0012B2B0,0x0012B2C8,24
FUN_0012b360,0x0012B360,0x0012B374,20
FUN_0012b468,0x0012B468,0x0012B480,24
FUN_0012b568,0x0012B568,0x0012B580,24
FUN_0012b618,0x0012B618,0x0012B61C,4
FUN_0012b8f0,0x0012B8F0,0x0012B908,24
FUN_0012b950,0x0012B950,0x0012B98C,60
FUN_0012ba40,0x0012BA40,0x0012BA50,16
FUN_0012bb48,0x0012BB48,0x0012BB50,8
FUN_0012bcc8,0x0012BCC8,0x0012BCE0,24
FUN_0012bd28,0x0012BD28,0x0012BD58,48
FUN_0012bd68,0x0012BD68,0x0012BD70,8
FUN_0012be88,0x0012BE88,0x0012BE90,8
FUN_0012bfc8,0x0012BFC8,0x0012BFD8,16
FUN_0012c138,0x0012C138,0x0012C148,16
FUN_0012c238,0x0012C238,0x0012C254,28
FUN_0012c2b0,0x0012C2B0,0x0012C2C0,16
FUN_0012c300,0x0012C300,0x0012C318,24
FUN_0012c378,0x0012C378,0x0012C388,16
FUN_0012c500,0x0012C500,0x0012C540,64
FUN_0012c550,0x0012C550,0x0012C554,4
FUN_0012c630,0x0012C630,0x0012C638,8
FUN_0012c698,0x0012C698,0x0012C6B0,24
FUN_0012c710,0x0012C710,0x0012C74C,60
FUN_0012c7e8,0x0012C7E8,0x0012C7F0,8
FUN_0012c938,0x0012C938,0x0012C940,8
FUN_0012cac8,0x0012CAC8,0x0012CAD8,16
FUN_0012cb48,0x0012CB48,0x0012CB50,8
FUN_0012ccc0,0x0012CCC0,0x0012CCF8,56
FUN_0012cd10,0x0012CD10,0x0012CD18,8
FUN_0012cf48,0x0012CF48,0x0012CF58,16
FUN_0012d0e0,0x0012D0E0,0x0012D0EC,12
FUN_0012d170,0x0012D170,0x0012D1D8,104
FUN_0012d288,0x0012D288,0x0012D2DC,84
FUN_0012d2f0,0x0012D2F0,0x0012D300,16
FUN_0012d420,0x0012D420,0x0012D474,84
FUN_0012d488,0x0012D488,0x0012D4A8,32
FUN_0012d5c0,0x0012D5C0,0x0012D610,80
FUN_0012d620,0x0012D620,0x0012D638,24
FUN_0012d6f8,0x0012D6F8,0x0012D70C,20
FUN_0012d768,0x0012D768,0x0012D770,8
FUN_0012d828,0x0012D828,0x0012D878,80
FUN_0012d8e8,0x0012D8E8,0x0012D8F0,8
FUN_0012da88,0x0012DA88,0x0012DA90,8
FUN_0012db70,0x0012DB70,0x0012DBDC,108
FUN_0012dbe8,0x0012DBE8,0x0012DBF8,16
FUN_0012dcf8,0x0012DCF8,0x0012DD00,8
FUN_0012dd68,0x0012DD68,0x0012DD70,8
FUN_0012de30,0x0012DE30,0x0012DE94,100
FUN_0012df00,0x0012DF00,0x0012DF0C,12
FUN_0012dfb8,0x0012DFB8,0x0012DFC8,16
FUN_0012e168,0x0012E168,0x0012E170,8
FUN_0012e1d8,0x0012E1D8,0x0012E254,124
FUN_0012e268,0x0012E268,0x0012E270,8
FUN_0012e3b8,0x0012E3B8,0x0012E3C0,8
FUN_0012e438,0x0012E438,0x0012E448,16
FUN_0012e548,0x0012E548,0x0012E558,16
FUN_0012e5c0,0x0012E5C0,0x0012E614,84
FUN_0012e798,0x0012E798,0x0012E7B0,24
FUN_0012e7f8,0x0012E7F8,0x0012E828,48
FUN_0012e888,0x0012E888,0x0012E8A0,24
FUN_0012e950,0x0012E950,0x0012E98C,60
FUN_0012e9a0,0x0012E9A0,0x0012E9A8,8
FUN_0012ea10,0x0012EA10,0x0012EA18,8
FUN_0012eae0,0x0012EAE0,0x0012EB18,56
FUN_0012eb40,0x0012EB40,0x0012EB88,72
FUN_0012eba0,0x0012EBA0,0x0012EBE8,72
FUN_0012ec00,0x0012EC00,0x0012EC0C,12
FUN_0012eca8,0x0012ECA8,0x0012ECF0,72
FUN_0012ed08,0x0012ED08,0x0012ED1C,20
FUN_0012ed78,0x0012ED78,0x0012EDD0,88
FUN_0012ee48,0x0012EE48,0x0012EE98,80
FUN_0012eea0,0x0012EEA0,0x0012EEC4,36
FUN_0012eef8,0x0012EEF8,0x0012EF38,64
FUN_0012ef40,0x0012EF40,0x0012EF94,84
FUN_0012efa0,0x0012EFA0,0x0012EFA1,1
FUN_0012efa8,0x0012EFA8,0x0012EFB0,8
FUN_0012f070,0x0012F070,0x0012F074,4
FUN_0012f188,0x0012F188,0x0012F1C8,64
FUN_0012f240,0x0012F240,0x0012F254,20
FUN_0012f388,0x0012F388,0x0012F38C,4
FUN_0012f410,0x0012F410,0x0012F414,4
FUN_0012f4b0,0x0012F4B0,0x0012F4C4,20
FUN_0012f5a8,0x0012F5A8,0x0012F5B0,8
FUN_0012f750,0x0012F750,0x0012F768,24
FUN_0012f7b0,0x0012F7B0,0x0012F7E0,48
FUN_0012f840,0x0012F840,0x0012F8AC,108
FUN_0012f8f0,0x0012F8F0,0x0012F908,24
FUN_0012f9f0,0x0012F9F0,0x0012FA08,24
FUN_0012fb68,0x0012FB68,0x0012FBA4,60
FUN_0012fc08,0x0012FC08,0x0012FC20,24
FUN_0012fc70,0x0012FC70,0x0012FCB4,68
FUN_0012fcc8,0x0012FCC8,0x0012FCF0,40
FUN_0012fda0,0x0012FDA0,0x0012FDB8,24
FUN_0012fe00,0x0012FE00,0x0012FE30,48
FUN_0012ff80,0x0012FF80,0x0012FF98,24
FUN_00130000,0x00130000,0x0013004C,76
FUN_00130060,0x00130060,0x00130088,40
FUN_00130140,0x00130140,0x00130158,24
FUN_001301a8,0x001301A8,0x001301C8,32
FUN_00130230,0x00130230,0x00130234,4
FUN_001303b8,0x001303B8,0x001303D8,32
FUN_00130438,0x00130438,0x00130450,24
FUN_00130498,0x00130498,0x001304C8,48
FUN_001304d8,0x001304D8,0x001304E8,16
FUN_001306a0,0x001306A0,0x001306AC,12
FUN_001307a8,0x001307A8,0x001307B4,12
FUN_00130878,0x00130878,0x00130884,12
FUN_001308c8,0x001308C8,0x001308D0,8
FUN_00130978,0x00130978,0x00130988,16
FUN_00130a30,0x00130A30,0x00130A34,4
FUN_00130a90,0x00130A90,0x00130AB0,32
FUN_00130af0,0x00130AF0,0x00130B00,16
FUN_00130c20,0x00130C20,0x00130C24,4
FUN_00130ca8,0x00130CA8,0x00130CAC,4
FUN_00130f90,0x00130F90,0x00130FB4,36
FUN_00131058,0x00131058,0x00131060,8
FUN_00131170,0x00131170,0x00131184,20
FUN_00131250,0x00131250,0x00131260,16
FUN_001312a0,0x001312A0,0x001312B0,16
FUN_001312f8,0x001312F8,0x00131300,8
FUN_001313f8,0x001313F8,0x00131400,8
FUN_001315f0,0x001315F0,0x0013165C,108
FUN_00131678,0x00131678,0x00131690,24
FUN_00131710,0x00131710,0x00131718,8
FUN_001318c8,0x001318C8,0x0013190C,68
FUN_001319f8,0x001319F8,0x00131A24,44
FUN_00131a30,0x00131A30,0x00131A48,24
FUN_00131ac8,0x00131AC8,0x00131AD0,8
FUN_00131ca8,0x00131CA8,0x00131CD4,44
FUN_00131ce0,0x00131CE0,0x00131CF8,24
FUN_00131d78,0x00131D78,0x00131D80,8
FUN_00131f98,0x00131F98,0x00131FC4,44
FUN_00131fd0,0x00131FD0,0x00131FE8,24
FUN_00132068,0x00132068,0x0013206C,4
FUN_00132308,0x00132308,0x00132334,44
FUN_00132340,0x00132340,0x00132364,36
FUN_001323c8,0x001323C8,0x001323E0,24
FUN_001324f0,0x001324F0,0x0013251C,44
FUN_00132528,0x00132528,0x00132540,24
FUN_001325c0,0x001325C0,0x001325C4,4
FUN_00132728,0x00132728,0x00132748,32
FUN_00132848,0x00132848,0x00132850,8
FUN_001329a0,0x001329A0,0x001329CC,44
FUN_00132a80,0x00132A80,0x00132A88,8
FUN_00132c98,0x00132C98,0x00132CB8,32
FUN_00132d48,0x00132D48,0x00132D74,44
FUN_00132d80,0x00132D80,0x00132D98,24
FUN_00132df8,0x00132DF8,0x00132E00,8
FUN_00132f58,0x00132F58,0x00132F84,44
FUN_00132f90,0x00132F90,0x00132FA8,24
FUN_00133028,0x00133028,0x0013302C,4
FUN_001332c8,0x001332C8,0x00133320,88
FUN_00133328,0x00133328,0x00133330,8
FUN_00133498,0x00133498,0x001334B8,32
FUN_00133748,0x00133748,0x00133750,8
FUN_00133b80,0x00133B80,0x00133BA0,32
FUN_00133ff8,0x00133FF8,0x00134000,8
FUN_001340b8,0x001340B8,0x001340C8,16
FUN_00134130,0x00134130,0x0013414C,28
FUN_00134188,0x00134188,0x001341B4,44
FUN_001341c8,0x001341C8,0x00134208,64
FUN_00134270,0x00134270,0x001342A4,52
FUN_001342d0,0x001342D0,0x001342E4,20
FUN_001342f0,0x001342F0,0x001342F8,8
FUN_001343a0,0x001343A0,0x001343B4,20
FUN_001343c0,0x001343C0,0x0013441C,92
FUN_00134468,0x00134468,0x0013447C,20
FUN_00134488,0x00134488,0x00134494,12
FUN_00134588,0x00134588,0x00134594,12
FUN_00134688,0x00134688,0x001346D4,76
FUN_00134720,0x00134720,0x00134794,116
FUN_001347a8,0x001347A8,0x001347FC,84
FUN_00134810,0x00134810,0x00134874,100
FUN_00134888,0x00134888,0x001348CC,68
FUN_001348e0,0x001348E0,0x00134944,100
FUN_00134958,0x00134958,0x001349DC,132
FUN_001349f0,0x001349F0,0x001349F8,8
FUN_00134ab0,0x00134AB0,0x00134AB4,4
FUN_00134b30,0x00134B30,0x00134B3C,12
FUN_00134e78,0x00134E78,0x00134E84,12
FUN_00135350,0x00135350,0x00135364,20
FUN_001355b8,0x001355B8,0x00135604,76
FUN_00135618,0x00135618,0x0013564C,52
FUN_00135668,0x00135668,0x0013569C,52
FUN_001356a8,0x001356A8,0x001356F8,80
FUN_00135788,0x00135788,0x001357C4,60
FUN_00135868,0x00135868,0x00135884,28
FUN_001359e0,0x001359E0,0x001359FC,28
FUN_00135a90,0x00135A90,0x00135AA8,24
FUN_00135bc8,0x00135BC8,0x00135BE8,32
FUN_00135da0,0x00135DA0,0x00135DD0,48
FUN_00135de0,0x00135DE0,0x00135DF8,24
FUN_00135ee8,0x00135EE8,0x00135F00,24
FUN_001360b8,0x001360B8,0x001360D0,24
FUN_001361a0,0x001361A0,0x001361A8,8
FUN_00136238,0x00136238,0x00136240,8
FUN_00136480,0x00136480,0x001364E0,96
FUN_00136568,0x00136568,0x0013656C,4
FUN_00136610,0x00136610,0x00136614,4
FUN_001366f0,0x001366F0,0x001366F4,4
FUN_00136798,0x00136798,0x00136840,168
FUN_00136a38,0x00136A38,0x00136A40,8
FUN_00136af0,0x00136AF0,0x00136B28,56
FUN_00136b88,0x00136B88,0x00136B94,12
FUN_00136bd0,0x00136BD0,0x00136C18,72
FUN_00136c68,0x00136C68,0x00136C88,32
FUN_00136d48,0x00136D48,0x00136D50,8
FUN_00136db8,0x00136DB8,0x00136DE8,48
FUN_00136e18,0x00136E18,0x00136E1C,4
FUN_00136f20,0x00136F20,0x00136F28,8
FUN_00136fb8,0x00136FB8,0x00136FBC,4
FUN_00137178,0x00137178,0x0013717C,4
FUN_001375c0,0x001375C0,0x001375C8,8
FUN_00137940,0x00137940,0x00137964,36
FUN_00137aa0,0x00137AA0,0x00137AA4,4
FUN_00137b38,0x00137B38,0x00137B4C,20
FUN_00137d08,0x00137D08,0x00137D14,12
FUN_00137e40,0x00137E40,0x00137E50,16
FUN_00138258,0x00138258,0x00138264,12
FUN_00138370,0x00138370,0x00138374,4
FUN_00138490,0x00138490,0x00138498,8
FUN_00138638,0x00138638,0x00138658,32
FUN_00138778,0x00138778,0x0013877C,4
FUN_001388e0,0x001388E0,0x001388E4,4
FUN_00138a20,0x00138A20,0x00138A24,4
FUN_00138ad0,0x00138AD0,0x00138ADC,12
FUN_00138b30,0x00138B30,0x00138B44,20
FUN_00138bd0,0x00138BD0,0x00138BE4,20
FUN_00138d00,0x00138D00,0x00138D14,20
FUN_00138e30,0x00138E30,0x00138E34,4
FUN_00138fa0,0x00138FA0,0x00138FA8,8
FUN_00139120,0x00139120,0x00139124,4
FUN_001392e0,0x001392E0,0x001392E4,4
FUN_001394a0,0x001394A0,0x001394A4,4
FUN_00139550,0x00139550,0x00139578,40
FUN_00139610,0x00139610,0x00139630,32
FUN_00139858,0x00139858,0x0013987C,36
FUN_001398a8,0x001398A8,0x001398B0,8
FUN_001399a8,0x001399A8,0x001399B4,12
FUN_00139aa0,0x00139AA0,0x00139AB4,20
FUN_00139b98,0x00139B98,0x00139BA8,16
FUN_00139df8,0x00139DF8,0x00139E10,24
FUN_00139e68,0x00139E68,0x00139E94,44
FUN_00139eb0,0x00139EB0,0x00139F38,136
FUN_00139f58,0x00139F58,0x00139FA4,76
FUN_00139fb8,0x00139FB8,0x00139FD8,32
FUN_0013a4f8,0x0013A4F8,0x0013A53C,68
FUN_0013a8d8,0x0013A8D8,0x0013A8E4,12
FUN_0013a9f8,0x0013A9F8,0x0013AA18,32
FUN_0013aa88,0x0013AA88,0x0013AA8C,4
FUN_0013b4f8,0x0013B4F8,0x0013B4FC,4
FUN_0013b668,0x0013B668,0x0013B66C,4
FUN_0013b750,0x0013B750,0x0013B7CC,124
FUN_0013b7e0,0x0013B7E0,0x0013B7E4,4
FUN_0013b850,0x0013B850,0x0013B87C,44
FUN_0013b8e8,0x0013B8E8,0x0013B8EC,4
FUN_0013bb70,0x0013BB70,0x0013BB74,4
FUN_0013be00,0x0013BE00,0x0013BE5C,92
FUN_0013bea0,0x0013BEA0,0x0013BEE0,64
FUN_0013c030,0x0013C030,0x0013C034,4
FUN_0013c0f0,0x0013C0F0,0x0013C0F8,8
FUN_0013c1d0,0x0013C1D0,0x0013C224,84
FUN_0013c260,0x0013C260,0x0013C28C,44
FUN_0013c398,0x0013C398,0x0013C3A0,8
FUN_0013c4a0,0x0013C4A0,0x0013C4CC,44
FUN_0013c500,0x0013C500,0x0013C50C,12
FUN_0013c5c8,0x0013C5C8,0x0013C5F4,44
FUN_0013c628,0x0013C628,0x0013C658,48
FUN_0013c660,0x0013C660,0x0013C668,8
FUN_0013c780,0x0013C780,0x0013C788,8
FUN_0013c858,0x0013C858,0x0013C898,64
FUN_0013c900,0x0013C900,0x0013C918,24
FUN_0013c920,0x0013C920,0x0013C938,24
FUN_0013ca08,0x0013CA08,0x0013CA10,8
FUN_0013cc60,0x0013CC60,0x0013CC74,20
FUN_0013cce8,0x0013CCE8,0x0013CCEC,4
FUN_0013ce50,0x0013CE50,0x0013CE88,56
FUN_0013cec8,0x0013CEC8,0x0013CEE8,32
FUN_0013cfb0,0x0013CFB0,0x0013CFBC,12
FUN_0013d130,0x0013D130,0x0013D154,36
FUN_0013d160,0x0013D160,0x0013D18C,44
FUN_0013d1f8,0x0013D1F8,0x0013D200,8
FUN_0013d248,0x0013D248,0x0013D270,40
FUN_0013d278,0x0013D278,0x0013D288,16
FUN_0013d2c0,0x0013D2C0,0x0013D2D4,20
FUN_0013d2e0,0x0013D2E0,0x0013D3F8,280
FUN_0013d410,0x0013D410,0x0013D414,4
FUN_0013d4c0,0x0013D4C0,0x0013D4C4,4
FUN_0013d550,0x0013D550,0x0013D554,4
FUN_0013d5b0,0x0013D5B0,0x0013D5D4,36
FUN_0013d5e8,0x0013D5E8,0x0013D624,60
FUN_0013d638,0x0013D638,0x0013D658,32
FUN_0013d670,0x0013D670,0x0013D6AC,60
FUN_0013d6c8,0x0013D6C8,0x0013D6EC,36
FUN_0013d700,0x0013D700,0x0013D720,32
FUN_0013d738,0x0013D738,0x0013D774,60
FUN_0013d790,0x0013D790,0x0013D794,4
FUN_0013d7f8,0x0013D7F8,0x0013D8EC,244
FUN_0013d900,0x0013D900,0x0013D930,48
FUN_0013d960,0x0013D960,0x0013D9A0,64
FUN_0013d9b8,0x0013D9B8,0x0013DB60,424
FUN_0013dbf8,0x0013DBF8,0x0013DC34,60
FUN_0013dc48,0x0013DC48,0x0013DDA0,344
FUN_0013ddc0,0x0013DDC0,0x0013DE1C,92
FUN_0013de30,0x0013DE30,0x0013DE34,4
FUN_0013def8,0x0013DEF8,0x0013DEFC,4
FUN_0013dfa8,0x0013DFA8,0x0013DFAC,4
FUN_0013e088,0x0013E088,0x0013E08C,4
FUN_0013e0f0,0x0013E0F0,0x0013E0F4,4
FUN_0013e158,0x0013E158,0x0013E15C,4
FUN_0013e2f8,0x0013E2F8,0x0013E2FC,4
FUN_0013e4c8,0x0013E4C8,0x0013E4CC,4
FUN_0013e588,0x0013E588,0x0013E58C,4
FUN_0013e630,0x0013E630,0x0013E634,4
FUN_0013e6d8,0x0013E6D8,0x0013E6DC,4
FUN_0013e780,0x0013E780,0x0013E784,4
FUN_0013eb30,0x0013EB30,0x0013EB34,4
FUN_0013eeb8,0x0013EEB8,0x0013EEEC,52
FUN_0013ef00,0x0013EF00,0x0013EF24,36
FUN_0013ef50,0x0013EF50,0x0013EF84,52
FUN_0013ef98,0x0013EF98,0x0013EFB4,28
FUN_0013efe0,0x0013EFE0,0x0013EFF8,24
FUN_0013f040,0x0013F040,0x0013F058,24
FUN_0013f0b8,0x0013F0B8,0x0013F0FC,68
FUN_0013f110,0x0013F110,0x0013F1D4,196
FUN_0013f1e8,0x0013F1E8,0x0013F1EC,4
FUN_0013f250,0x0013F250,0x0013F254,4
FUN_0013f2b8,0x0013F2B8,0x0013F2BC,4
FUN_0013f360,0x0013F360,0x0013F364,4
FUN_0013f3f8,0x0013F3F8,0x0013F42C,52
FUN_0013f440,0x0013F440,0x0013F478,56
FUN_0013f4a8,0x0013F4A8,0x0013F4B8,16
FUN_0013f4c8,0x0013F4C8,0x0013F4E0,24
FUN_0013f4f0,0x0013F4F0,0x0013F50C,28
FUN_0013f550,0x0013F550,0x0013F578,40
FUN_0013fa38,0x0013FA38,0x0013FA48,16
FUN_0013fa88,0x0013FA88,0x0013FA90,8
FUN_0013fc60,0x0013FC60,0x0013FC70,16
FUN_0013fea0,0x0013FEA0,0x0013FEB0,16
FUN_00140160,0x00140160,0x00140164,4
FUN_001401a0,0x001401A0,0x001401A4,4
FUN_00140378,0x00140378,0x001403D8,96
FUN_001403e8,0x001403E8,0x001403F0,8
FUN_00140d10,0x00140D10,0x00140D18,8
FUN_00140e38,0x00140E38,0x00140E4C,20
FUN_00141110,0x00141110,0x00141118,8
FUN_00141238,0x00141238,0x00141268,48
FUN_001412a0,0x001412A0,0x001412AC,12
FUN_001413f0,0x001413F0,0x0014145C,108
FUN_00141500,0x00141500,0x00141510,16
FUN_001415b0,0x001415B0,0x001415B4,4
FUN_00141628,0x00141628,0x00141668,64
FUN_00141698,0x00141698,0x0014169C,4
FUN_001417b0,0x001417B0,0x001417C4,20
FUN_00141900,0x00141900,0x00141918,24
FUN_00141a98,0x00141A98,0x00141AB4,28
FUN_00141b30,0x00141B30,0x00141B60,48
FUN_00141c38,0x00141C38,0x00141C50,24
FUN_00141d28,0x00141D28,0x00141D48,32
FUN_00141df8,0x00141DF8,0x00141E08,16
FUN_00141fa0,0x00141FA0,0x00141FE4,68
FUN_00142138,0x00142138,0x00142139,1
FUN_00142140,0x00142140,0x00142164,36
FUN_001421d8,0x001421D8,0x00142204,44
FUN_00142278,0x00142278,0x001422AC,52
FUN_001423c8,0x001423C8,0x001423D0,8
FUN_001425a0,0x001425A0,0x001425B0,16
FUN_001427a0,0x001427A0,0x001427B8,24
FUN_00142c48,0x00142C48,0x00142D08,192
FUN_00142d18,0x00142D18,0x00142D1C,4
FUN_00142de8,0x00142DE8,0x00142E40,88
FUN_00142ea0,0x00142EA0,0x00142EA8,8
FUN_001430e8,0x001430E8,0x00143108,32
FUN_00143398,0x00143398,0x001433A0,8
FUN_001434d8,0x001434D8,0x001434DC,4
FUN_001435c8,0x001435C8,0x0014364C,132
FUN_00143668,0x00143668,0x00143670,8
FUN_001436e8,0x001436E8,0x00143710,40
FUN_00143730,0x00143730,0x0014376C,60
FUN_00143780,0x00143780,0x0014389C,284
FUN_00143908,0x00143908,0x00143918,16
FUN_001439a8,0x001439A8,0x001439BC,20
FUN_00143a70,0x00143A70,0x00143A94,36
FUN_00143b60,0x00143B60,0x00143B64,4
FUN_00143bb8,0x00143BB8,0x00143C08,80
FUN_00143ca0,0x00143CA0,0x00143CC4,36
FUN_00143cd0,0x00143CD0,0x00143CE4,20
FUN_00143d80,0x00143D80,0x00143DB8,56
FUN_00143ee8,0x00143EE8,0x00143EF8,16
FUN_001440b0,0x001440B0,0x00144114,100
FUN_00144190,0x00144190,0x00144198,8
FUN_001441f0,0x001441F0,0x00144214,36
FUN_00144220,0x00144220,0x00144240,32
FUN_001442e8,0x001442E8,0x00144308,32
FUN_00144310,0x00144310,0x00144324,20
FUN_001443a0,0x001443A0,0x001443B8,24
FUN_001443c0,0x001443C0,0x001443EC,44
FUN_001443f8,0x001443F8,0x00144410,24
FUN_00144420,0x00144420,0x00144428,8
FUN_001444f8,0x001444F8,0x00144518,32
FUN_001446f8,0x001446F8,0x00144700,8
FUN_00144808,0x00144808,0x00144810,8
FUN_001448a0,0x001448A0,0x001448B8,24
FUN_001449a8,0x001449A8,0x001449B4,12
FUN_00144b80,0x00144B80,0x00144BA8,40
FUN_00144c40,0x00144C40,0x00144C98,88
FUN_00144d10,0x00144D10,0x00144D30,32
FUN_00144f40,0x00144F40,0x00144F58,24
FUN_001451f8,0x001451F8,0x00145208,16
FUN_001453f0,0x001453F0,0x001453FC,12
FUN_001454f8,0x001454F8,0x00145510,24
FUN_001455e8,0x001455E8,0x001455F0,8
FUN_00145678,0x00145678,0x00145680,8
FUN_001458d0,0x001458D0,0x001458D8,8
FUN_001459c0,0x001459C0,0x00145A20,96
FUN_00146de8,0x00146DE8,0x00146E3C,84
FUN_00146e48,0x00146E48,0x00146E4C,4
FUN_00146e58,0x00146E58,0x00146E8C,52
FUN_00146e98,0x00146E98,0x00146EB0,24
FUN_00147210,0x00147210,0x00147258,72
FUN_001472b8,0x001472B8,0x001472E8,48
FUN_00147328,0x00147328,0x00147350,40
FUN_00147360,0x00147360,0x0014736C,12
FUN_00147378,0x00147378,0x00147414,156
FUN_001474c8,0x001474C8,0x0014751C,84
FUN_00147588,0x00147588,0x00147590,8
FUN_001475d0,0x001475D0,0x001475E4,20
FUN_001477d0,0x001477D0,0x001477E8,24
FUN_001480d0,0x001480D0,0x001481B8,232
FUN_001481d0,0x001481D0,0x0014822C,92
FUN_00148278,0x00148278,0x00148280,8
FUN_001482c8,0x001482C8,0x001482D8,16
FUN_00148410,0x00148410,0x00148420,16
FUN_00148ad0,0x00148AD0,0x00148B14,68
FUN_00148b20,0x00148B20,0x00148B28,8
FUN_00148cf0,0x00148CF0,0x00148D38,72
FUN_00148dc8,0x00148DC8,0x00148DDC,20
FUN_00149030,0x00149030,0x0014905C,44
FUN_00149098,0x00149098,0x001490C0,40
FUN_001490f8,0x001490F8,0x0014920C,276
FUN_001492a0,0x001492A0,0x001492E0,64
FUN_00149348,0x00149348,0x00149350,8
FUN_00149530,0x00149530,0x00149534,4
FUN_00149550,0x00149550,0x00149564,20
FUN_00149910,0x00149910,0x00149920,16
FUN_00149b10,0x00149B10,0x00149B2C,28
FUN_00149b38,0x00149B38,0x00149B48,16
FUN_00149d00,0x00149D00,0x00149D1C,28
FUN_00149da8,0x00149DA8,0x00149DC8,32
FUN_00149ed8,0x00149ED8,0x00149F2C,84
FUN_00149f38,0x00149F38,0x00149F3C,4
FUN_00149f48,0x00149F48,0x00149F6C,36
FUN_00149f78,0x00149F78,0x00149F7C,4
FUN_0014a018,0x0014A018,0x0014A02C,20
FUN_0014a2b8,0x0014A2B8,0x0014A2E0,40
FUN_0014a3d0,0x0014A3D0,0x0014A3E8,24
FUN_0014a610,0x0014A610,0x0014A624,20
FUN_0014a8b0,0x0014A8B0,0x0014A8B8,8
FUN_0014a958,0x0014A958,0x0014A99C,68
FUN_0014a9a8,0x0014A9A8,0x0014A9D8,48
FUN_0014aa38,0x0014AA38,0x0014AA48,16
FUN_0014ab08,0x0014AB08,0x0014AB98,144
FUN_0014aba0,0x0014ABA0,0x0014ABA8,8
FUN_0014ac08,0x0014AC08,0x0014AC40,56
FUN_0014ac50,0x0014AC50,0x0014AC58,8
FUN_0014aca8,0x0014ACA8,0x0014ACB0,8
FUN_0014ad10,0x0014AD10,0x0014AD18,8
FUN_0014ad90,0x0014AD90,0x0014AD98,8
FUN_0014ae28,0x0014AE28,0x0014AE30,8
FUN_0014aea8,0x0014AEA8,0x0014AEF4,76
FUN_0014af00,0x0014AF00,0x0014AF18,24
FUN_0014af40,0x0014AF40,0x0014AF78,56
FUN_0014af80,0x0014AF80,0x0014AF90,16
FUN_0014afd8,0x0014AFD8,0x0014B01C,68
FUN_0014b028,0x0014B028,0x0014B058,48
FUN_0014b060,0x0014B060,0x0014B0A4,68
FUN_0014b0f8,0x0014B0F8,0x0014B13C,68
FUN_0014b150,0x0014B150,0x0014B1AC,92
FUN_0014b1b8,0x0014B1B8,0x0014B200,72
FUN_0014b210,0x0014B210,0x0014B218,8
FUN_0014b228,0x0014B228,0x0014B230,8
FUN_0014b398,0x0014B398,0x0014B3AC,20
FUN_0014b4f0,0x0014B4F0,0x0014B500,16
FUN_0014b6e8,0x0014B6E8,0x0014B708,32
FUN_0014b720,0x0014B720,0x0014B740,32
FUN_0014b848,0x0014B848,0x0014B858,16
FUN_0014bb28,0x0014BB28,0x0014BB3C,20
FUN_0014be10,0x0014BE10,0x0014BE14,4
FUN_0014bf20,0x0014BF20,0x0014BF34,20
FUN_0014bf40,0x0014BF40,0x0014BF4C,12
FUN_0014c150,0x0014C150,0x0014C158,8
FUN_0014c288,0x0014C288,0x0014C29C,20
FUN_0014c4d0,0x0014C4D0,0x0014C4D8,8
FUN_0014c938,0x0014C938,0x0014C93C,4
FUN_0014ca30,0x0014CA30,0x0014CA80,80
FUN_0014ca90,0x0014CA90,0x0014CAE0,80
FUN_0014caf0,0x0014CAF0,0x0014CB40,80
FUN_0014cb50,0x0014CB50,0x0014CBDC,140
FUN_0014cbe8,0x0014CBE8,0x0014CC04,28
FUN_0014cc10,0x0014CC10,0x0014CC78,104
FUN_0014cd20,0x0014CD20,0x0014CD48,40
FUN_0014d010,0x0014D010,0x0014D014,4
FUN_0014d250,0x0014D250,0x0014D264,20
zz_FUN_0014D264,0x0014D264,0x0014D2D0,108
FUN_0014d2d0,0x0014D2D0,0x0014D2D4,4
zz_FUN_0014D2D4,0x0014D2D4,0x0014D2E0,12
FUN_0014d2e0,0x0014D2E0,0x0014D2E8,8
zz_FUN_0014D2E8,0x0014D2E8,0x0014D2F0,8
FUN_0014d2f0,0x0014D2F0,0x0014D2F8,8
zz_FUN_0014D2F8,0x0014D2F8,0x0014D300,8
FUN_0014d300,0x0014D300,0x0014D304,4
zz_FUN_0014D304,0x0014D304,0x0014D338,52
FUN_0014d338,0x0014D338,0x0014D348,16
zz_FUN_0014D348,0x0014D348,0x0014D3E0,152
FUN_0014d3e0,0x0014D3E0,0x0014D3F4,20
zz_FUN_0014D3F4,0x0014D3F4,0x0014D400,12
FUN_0014d400,0x0014D400,0x0014D49C,156
zz_FUN_0014D49C,0x0014D49C,0x0014D4A8,12
FUN_0014d4a8,0x0014D4A8,0x0014D4AC,4
zz_FUN_0014D4AC,0x0014D4AC,0x0014D4B8,12
FUN_0014d4b8,0x0014D4B8,0x0014D4BC,4
FUN_0014d4f0,0x0014D4F0,0x0014D504,20
FUN_0014d510,0x0014D510,0x0014D540,48
FUN_0014d540,0x0014D540,0x0014D570,48
FUN_0014d578,0x0014D578,0x0014D5AC,52
FUN_0014d610,0x0014D610,0x0014D648,56
FUN_0014d6e0,0x0014D6E0,0x0014D72C,76
FUN_0014d750,0x0014D750,0x0014D778,40
FUN_0014d7b0,0x0014D7B0,0x0014D7B4,4
FUN_0014d7e0,0x0014D7E0,0x0014D7F4,20
FUN_0014d988,0x0014D988,0x0014D994,12
FUN_0014daa8,0x0014DAA8,0x0014DAB0,8
FUN_0014dbb8,0x0014DBB8,0x0014DBC8,16
FUN_0014dd58,0x0014DD58,0x0014DD68,16
FUN_0014dff0,0x0014DFF0,0x0014E000,16
FUN_0014e0f8,0x0014E0F8,0x0014E124,44
FUN_0014e250,0x0014E250,0x0014E258,8
FUN_0014e2c0,0x0014E2C0,0x0014E2D0,16
FUN_0014e358,0x0014E358,0x0014E384,44
FUN_0014e430,0x0014E430,0x0014E45C,44
FUN_0014e468,0x0014E468,0x0014E4CC,100
FUN_0014e530,0x0014E530,0x0014E544,20
FUN_0014e550,0x0014E550,0x0014E560,16
FUN_0014e6b8,0x0014E6B8,0x0014E6C0,8
FUN_0014ecf0,0x0014ECF0,0x0014ED14,36
FUN_0014edb0,0x0014EDB0,0x0014EE08,88
FUN_0014ee60,0x0014EE60,0x0014EE7C,28
FUN_0014f0c8,0x0014F0C8,0x0014F144,124
FUN_0014f168,0x0014F168,0x0014F178,16
FUN_0014f290,0x0014F290,0x0014F380,240
FUN_0014f550,0x0014F550,0x0014F5B8,104
FUN_0014f5c8,0x0014F5C8,0x0014F5EC,36
FUN_0014f8b0,0x0014F8B0,0x0014F8C0,16
FUN_0014f9b8,0x0014F9B8,0x0014F9C4,12
FUN_0014fa70,0x0014FA70,0x0014FA80,16
FUN_0014fba0,0x0014FBA0,0x0014FBB0,16
FUN_0014fcd0,0x0014FCD0,0x0014FCDC,12
FUN_0014fd60,0x0014FD60,0x0014FD78,24
FUN_0014fdc8,0x0014FDC8,0x0014FE74,172
FUN_0014fed0,0x0014FED0,0x0014FF00,48
FUN_0014ff08,0x0014FF08,0x0014FF20,24
FUN_0014ff48,0x0014FF48,0x00150034,236
FUN_00150040,0x00150040,0x0015007C,60
FUN_001500e8,0x001500E8,0x00150128,64
FUN_00150130,0x00150130,0x00150134,4
FUN_00150260,0x00150260,0x00150274,20
FUN_00150288,0x00150288,0x001502CC,68
FUN_001502d8,0x001502D8,0x001502EC,20
FUN_001502f8,0x001502F8,0x00150328,48
FUN_00150368,0x00150368,0x00150440,216
zz_FUN_00150440,0x00150440,0x00150458,24
FUN_00150458,0x00150458,0x0015045C,4
zz_FUN_0015045C,0x0015045C,0x00150468,12
FUN_00150468,0x00150468,0x0015046C,4
zz_FUN_0015046C,0x0015046C,0x00150478,12
FUN_00150478,0x00150478,0x0015048C,20
zz_FUN_0015048C,0x0015048C,0x00150498,12
FUN_00150498,0x00150498,0x0015049C,4
zz_FUN_0015049C,0x0015049C,0x001504A8,12
FUN_001504a8,0x001504A8,0x001504AC,4
zz_FUN_001504AC,0x001504AC,0x001504C8,28
FUN_001504c8,0x001504C8,0x001504CC,4
zz_FUN_001504CC,0x001504CC,0x001504D8,12
FUN_001504d8,0x001504D8,0x001504DC,4
zz_FUN_001504DC,0x001504DC,0x00150558,124
FUN_00150558,0x00150558,0x0015059C,68
FUN_001505c8,0x001505C8,0x0015060C,68
FUN_00150698,0x00150698,0x001506A4,12
FUN_001506b0,0x001506B0,0x001506D8,40
FUN_001506e0,0x001506E0,0x00150708,40
FUN_00150730,0x00150730,0x0015073C,12
FUN_001507f8,0x001507F8,0x00150800,8
FUN_001508f0,0x001508F0,0x00150914,36
FUN_00150938,0x00150938,0x0015095C,36
FUN_00150968,0x00150968,0x001509A4,60
FUN_001509e0,0x001509E0,0x001509E4,4
FUN_001509f0,0x001509F0,0x00150A28,56
FUN_00150a30,0x00150A30,0x00150A68,56
FUN_00150a70,0x00150A70,0x00150A98,40
FUN_00150aa0,0x00150AA0,0x00150AAC,12
FUN_00150ab8,0x00150AB8,0x00150AC4,12
FUN_00150b18,0x00150B18,0x00150B20,8
FUN_00150b90,0x00150B90,0x00150BB4,36
FUN_00150bd0,0x00150BD0,0x00150BD4,4
FUN_00150be0,0x00150BE0,0x00150BE8,8
FUN_00150e50,0x00150E50,0x00150E6C,28
FUN_00150ff0,0x00150FF0,0x00151000,16
FUN_001510a8,0x001510A8,0x001510C4,28
FUN_00151148,0x00151148,0x00151158,16
FUN_00151308,0x00151308,0x00151318,16
FUN_00151920,0x00151920,0x00151958,56
FUN_00151a10,0x00151A10,0x00151A8C,124
FUN_00151a98,0x00151A98,0x00151AD4,60
FUN_00151bf0,0x00151BF0,0x00151C04,20
FUN_00151c78,0x00151C78,0x00151C7C,4
FUN_00151cd0,0x00151CD0,0x00151D3C,108
FUN_00151d80,0x00151D80,0x00151D84,4
FUN_00151d90,0x00151D90,0x00151DA4,20
FUN_00151db0,0x00151DB0,0x00151DB8,8
FUN_00151f88,0x00151F88,0x0015211C,404
FUN_00152148,0x00152148,0x00152154,12
FUN_001521c0,0x001521C0,0x001521C4,4
FUN_00152220,0x00152220,0x00152230,16
FUN_00152308,0x00152308,0x0015230C,4
FUN_00152360,0x00152360,0x00152364,4
FUN_001523b8,0x001523B8,0x001523D4,28
FUN_001523e0,0x001523E0,0x001523F0,16
FUN_00152458,0x00152458,0x00152474,28
FUN_001525c8,0x001525C8,0x001525CC,4
FUN_00152638,0x00152638,0x00152650,24
FUN_00152708,0x00152708,0x00152718,16
FUN_00152798,0x00152798,0x001527A8,16
FUN_00152828,0x00152828,0x00152840,24
FUN_00152898,0x00152898,0x00152964,204
FUN_001529b0,0x001529B0,0x00152A10,96
FUN_00152a20,0x00152A20,0x00152A88,104
FUN_00152aa8,0x00152AA8,0x00152B08,96
FUN_00152b18,0x00152B18,0x00152B34,28
FUN_00152b88,0x00152B88,0x00152B9C,20
FUN_00152cf8,0x00152CF8,0x00152D3C,68
FUN_00152d50,0x00152D50,0x00152D58,8
FUN_00152e98,0x00152E98,0x00152EA0,8
FUN_00152f00,0x00152F00,0x00152F3C,60
FUN_00152f50,0x00152F50,0x00152FE8,152
FUN_00152ff8,0x00152FF8,0x00153014,28
FUN_00153090,0x00153090,0x001530A0,16
FUN_00153118,0x00153118,0x0015312C,20
FUN_00153138,0x00153138,0x0015314C,20
FUN_00153158,0x00153158,0x001531E8,144
FUN_001531f0,0x001531F0,0x00153234,68
FUN_00153240,0x00153240,0x00153248,8
FUN_001536b0,0x001536B0,0x001536F8,72
FUN_001539b8,0x001539B8,0x001539EC,52
FUN_00153a10,0x00153A10,0x00153A40,48
FUN_00153a90,0x00153A90,0x00153AB8,40
FUN_00153c70,0x00153C70,0x00153C78,8
FUN_00153d78,0x00153D78,0x00153D7C,4
FUN_00153eb0,0x00153EB0,0x00153EE0,48
FUN_00153ef0,0x00153EF0,0x00153F18,40
FUN_00153fc0,0x00153FC0,0x00153FF4,52
FUN_00154000,0x00154000,0x00154004,4
FUN_00154010,0x00154010,0x00154030,32
FUN_00154080,0x00154080,0x001540E8,104
FUN_00154100,0x00154100,0x0015410C,12
FUN_00154410,0x00154410,0x00154420,16
FUN_001544f8,0x001544F8,0x00154510,24
FUN_00154518,0x00154518,0x00154520,8
FUN_00154578,0x00154578,0x0015458C,20
FUN_00154660,0x00154660,0x00154668,8
FUN_00154718,0x00154718,0x00154734,28
FUN_00154770,0x00154770,0x0015477C,12
FUN_00154a08,0x00154A08,0x00154A18,16
FUN_00154af0,0x00154AF0,0x00154B10,32
FUN_00154be0,0x00154BE0,0x00154BE8,8
FUN_00154d70,0x00154D70,0x00154DA4,52
FUN_00154db0,0x00154DB0,0x00154DD4,36
FUN_00154e38,0x00154E38,0x00154E5C,36
FUN_00154ec0,0x00154EC0,0x00154EE4,36
FUN_00154ef0,0x00154EF0,0x00154F14,36
FUN_00155070,0x00155070,0x00155084,20
FUN_001551a8,0x001551A8,0x001551BC,20
FUN_001553d8,0x001553D8,0x001553E0,8
FUN_001554a8,0x001554A8,0x001554E4,60
FUN_00155588,0x00155588,0x00155590,8
FUN_001555f8,0x001555F8,0x001555FC,4
FUN_001558c8,0x001558C8,0x001558E8,32
FUN_001559a0,0x001559A0,0x001559AC,12
FUN_001559b8,0x001559B8,0x001559D8,32
FUN_00155b80,0x00155B80,0x00155BB0,48
FUN_00155e38,0x00155E38,0x00155E48,16
FUN_001560d8,0x001560D8,0x001560F0,24
FUN_001560f8,0x001560F8,0x00156100,8
FUN_00156158,0x00156158,0x00156164,12
FUN_00156240,0x00156240,0x00156268,40
FUN_00156348,0x00156348,0x00156374,44
FUN_00156380,0x00156380,0x0015638C,12
FUN_00156450,0x00156450,0x00156498,72
FUN_001564b8,0x001564B8,0x001564DC,36
FUN_001564f0,0x001564F0,0x0015655C,108
FUN_00156590,0x00156590,0x001565A0,16
FUN_001566d8,0x001566D8,0x00156740,104
FUN_001567c8,0x001567C8,0x00156808,64
FUN_001568e0,0x001568E0,0x001568E8,8
FUN_00156a08,0x00156A08,0x00156A74,108
FUN_00156a88,0x00156A88,0x00156AE0,88
FUN_00156be8,0x00156BE8,0x00156BF4,12
FUN_00156d00,0x00156D00,0x00156D08,8
FUN_00156f58,0x00156F58,0x00156F64,12
FUN_00157158,0x00157158,0x00157160,8
FUN_001571c0,0x001571C0,0x001571D0,16
FUN_00157440,0x00157440,0x00157444,4
FUN_00157680,0x00157680,0x001576D8,88
FUN_001576e0,0x001576E0,0x0015779C,188
FUN_001577f0,0x001577F0,0x001577F8,8
FUN_00157880,0x00157880,0x001578B8,56
FUN_001578c8,0x001578C8,0x001578D0,8
FUN_00157a50,0x00157A50,0x00157A58,8
FUN_00157ae0,0x00157AE0,0x00157B30,80
FUN_00157b48,0x00157B48,0x00157B50,8
FUN_00157d60,0x00157D60,0x00157D68,8
FUN_00157de0,0x00157DE0,0x00157E14,52
FUN_00157e30,0x00157E30,0x00157E44,20
FUN_001580f8,0x001580F8,0x00158100,8
FUN_00158190,0x00158190,0x001581A0,16
FUN_00158270,0x00158270,0x00158274,4
FUN_00158340,0x00158340,0x001583D0,144
FUN_001583d8,0x001583D8,0x001583DC,4
FUN_00158488,0x00158488,0x00158540,184
FUN_00158558,0x00158558,0x00158570,24
FUN_001586a0,0x001586A0,0x001586A8,8
FUN_00158868,0x00158868,0x00158878,16
FUN_00158a00,0x00158A00,0x00158A08,8
FUN_00158a90,0x00158A90,0x00158AD4,68
FUN_00158af8,0x00158AF8,0x00158B00,8
FUN_00158cb8,0x00158CB8,0x00158D20,104
FUN_00158db0,0x00158DB0,0x00158DB4,4
FUN_00158f98,0x00158F98,0x00158FBC,36
FUN_00159030,0x00159030,0x00159038,8
FUN_001590b0,0x001590B0,0x00159138,136
FUN_00159150,0x00159150,0x00159160,16
FUN_001593b8,0x001593B8,0x00159428,112
FUN_00159438,0x00159438,0x00159468,48
FUN_00159478,0x00159478,0x001594C8,80
FUN_001594d8,0x001594D8,0x001594E0,8
FUN_00159620,0x00159620,0x00159664,68
FUN_00159678,0x00159678,0x001596C0,72
FUN_00159700,0x00159700,0x00159728,40
FUN_00159820,0x00159820,0x0015983C,28
FUN_001598c0,0x001598C0,0x001598DC,28
FUN_00159960,0x00159960,0x00159A1C,188
FUN_00159a28,0x00159A28,0x00159A34,12
FUN_00159a60,0x00159A60,0x00159AD0,112
FUN_00159ad8,0x00159AD8,0x00159AE0,8
FUN_00159b60,0x00159B60,0x00159BE0,128
FUN_00159c08,0x00159C08,0x00159C88,128
FUN_00159cb0,0x00159CB0,0x00159D40,144
FUN_00159d50,0x00159D50,0x00159E0C,188
FUN_00159e80,0x00159E80,0x00159E8C,12
FUN_00159fc0,0x00159FC0,0x00159FD8,24
FUN_0015a0c0,0x0015A0C0,0x0015A0C8,8
FUN_0015a300,0x0015A300,0x0015A3B0,176
FUN_0015a3e0,0x0015A3E0,0x0015A43C,92
FUN_0015a4d8,0x0015A4D8,0x0015A4E8,16
FUN_0015a588,0x0015A588,0x0015A59C,20
FUN_0015a668,0x0015A668,0x0015A66C,4
FUN_0015a678,0x0015A678,0x0015A67C,4
FUN_0015a6e8,0x0015A6E8,0x0015A6F8,16
FUN_0015a8c0,0x0015A8C0,0x0015A8D0,16
FUN_0015ab78,0x0015AB78,0x0015AB8C,20
FUN_0015ada0,0x0015ADA0,0x0015ADB8,24
FUN_0015aef8,0x0015AEF8,0x0015AF04,12
FUN_0015b1d8,0x0015B1D8,0x0015B1E8,16
FUN_0015b1f0,0x0015B1F0,0x0015B1F4,4
FUN_0015b230,0x0015B230,0x0015B240,16
FUN_0015b410,0x0015B410,0x0015B440,48
FUN_0015b448,0x0015B448,0x0015B44C,4
FUN_0015b5a8,0x0015B5A8,0x0015B5B0,8
FUN_0015b690,0x0015B690,0x0015B6A4,20
FUN_0015b740,0x0015B740,0x0015B77C,60
FUN_0015b790,0x0015B790,0x0015B7A8,24
FUN_0015b828,0x0015B828,0x0015B830,8
FUN_0015b9c0,0x0015B9C0,0x0015BA08,72
FUN_0015ba28,0x0015BA28,0x0015BA2C,4
FUN_0015ba48,0x0015BA48,0x0015BA74,44
FUN_0015baa0,0x0015BAA0,0x0015BAD4,52
FUN_0015bb98,0x0015BB98,0x0015BC58,192
FUN_0015bc68,0x0015BC68,0x0015BCAC,68
FUN_0015bcb8,0x0015BCB8,0x0015BCFC,68
FUN_0015bd08,0x0015BD08,0x0015BD4C,68
FUN_0015bd58,0x0015BD58,0x0015BD9C,68
FUN_0015bda8,0x0015BDA8,0x0015BDEC,68
FUN_0015bdf8,0x0015BDF8,0x0015BE3C,68
FUN_0015be48,0x0015BE48,0x0015BE8C,68
FUN_0015be98,0x0015BE98,0x0015BEDC,68
FUN_0015c040,0x0015C040,0x0015C078,56
FUN_0015c080,0x0015C080,0x0015C0B8,56
FUN_0015c0c0,0x0015C0C0,0x0015C0CC,12
FUN_0015c160,0x0015C160,0x0015C19C,60
FUN_0015c230,0x0015C230,0x0015C238,8
FUN_0015c3a8,0x0015C3A8,0x0015C3AC,4
FUN_0015c3f8,0x0015C3F8,0x0015C408,16
FUN_0015c540,0x0015C540,0x0015C54C,12
FUN_0015c620,0x0015C620,0x0015C62C,12
FUN_0015c790,0x0015C790,0x0015C7C8,56
FUN_0015c7d0,0x0015C7D0,0x0015C7D4,4
FUN_0015c888,0x0015C888,0x0015C8A0,24
FUN_0015ca08,0x0015CA08,0x0015CAF4,236
FUN_0015cb00,0x0015CB00,0x0015CB6C,108
FUN_0015cd60,0x0015CD60,0x0015CD70,16
FUN_0015cdd8,0x0015CDD8,0x0015CE04,44
FUN_0015ce10,0x0015CE10,0x0015CE30,32
FUN_0015ce40,0x0015CE40,0x0015CE78,56
FUN_0015ce80,0x0015CE80,0x0015CEBC,60
FUN_0015d218,0x0015D218,0x0015D270,88
FUN_0015dac8,0x0015DAC8,0x0015DB00,56
FUN_0015db08,0x0015DB08,0x0015DC0C,260
FUN_0015dc20,0x0015DC20,0x0015DC54,52
FUN_0015dca8,0x0015DCA8,0x0015DCB0,8
FUN_0015de60,0x0015DE60,0x0015DEEC,140
FUN_0015def8,0x0015DEF8,0x0015DF54,92
FUN_0015df68,0x0015DF68,0x0015DF70,8
FUN_0015df78,0x0015DF78,0x0015DFAC,52
FUN_0015e098,0x0015E098,0x0015E0B0,24
FUN_0015e290,0x0015E290,0x0015E2A8,24
FUN_0015e450,0x0015E450,0x0015E488,56
FUN_0015e5b0,0x0015E5B0,0x0015E5C0,16
FUN_0015e630,0x0015E630,0x0015E640,16
FUN_0015ea20,0x0015EA20,0x0015EA5C,60
FUN_0015eb40,0x0015EB40,0x0015EB6C,44
FUN_0015eba8,0x0015EBA8,0x0015EC18,112
FUN_0015ec20,0x0015EC20,0x0015ECA0,128
FUN_0015ecc8,0x0015ECC8,0x0015ED20,88
FUN_0015ed50,0x0015ED50,0x0015ED74,36
FUN_0015ed80,0x0015ED80,0x0015EE14,148
FUN_0015ee40,0x0015EE40,0x0015EE50,16
FUN_0015ef28,0x0015EF28,0x0015EF3C,20
FUN_0015f138,0x0015F138,0x0015F18C,84
FUN_0015f308,0x0015F308,0x0015F324,28
FUN_0015f470,0x0015F470,0x0015F538,200
FUN_0015f548,0x0015F548,0x0015F554,12
FUN_0015f6d8,0x0015F6D8,0x0015F6DC,4
FUN_0015f6e8,0x0015F6E8,0x0015F734,76
FUN_0015f750,0x0015F750,0x0015F79C,76
FUN_0015f7b8,0x0015F7B8,0x0015F804,76
FUN_0015f820,0x0015F820,0x0015F854,52
FUN_0015f870,0x0015F870,0x0015F8A4,52
FUN_0015f8c0,0x0015F8C0,0x0015F8F4,52
FUN_0015f910,0x0015F910,0x0015F944,52
FUN_0015fa40,0x0015FA40,0x0015FA48,8
FUN_0015fc00,0x0015FC00,0x0015FC08,8
FUN_0015fe18,0x0015FE18,0x0015FE30,24
FUN_0015ffc8,0x0015FFC8,0x0015FFD8,16
FUN_0015ffe0,0x0015FFE0,0x0015FFFC,28
FUN_00160078,0x00160078,0x00160084,12
FUN_00160238,0x00160238,0x0016026C,52
FUN_00160278,0x00160278,0x0016029C,36
FUN_001602a8,0x001602A8,0x001602FC,84
FUN_001603b0,0x001603B0,0x001603C0,16
FUN_00160678,0x00160678,0x001606F4,124
FUN_00160700,0x00160700,0x00160730,48
FUN_00160770,0x00160770,0x0016079C,44
FUN_001607b0,0x001607B0,0x001607F4,68
FUN_00160800,0x00160800,0x00160894,148
FUN_001608a0,0x001608A0,0x001608EC,76
FUN_001608f8,0x001608F8,0x00160924,44
FUN_00160938,0x00160938,0x00160940,8
FUN_00160c50,0x00160C50,0x00160C5C,12
FUN_00160d28,0x00160D28,0x00160D44,28
FUN_00160e30,0x00160E30,0x00160E44,20
FUN_00160f78,0x00160F78,0x00160F90,24
FUN_00160fa8,0x00160FA8,0x00160FB8,16
FUN_00161140,0x00161140,0x00161158,24
FUN_001611b8,0x001611B8,0x001611C8,16
FUN_00161240,0x00161240,0x0016125C,28
FUN_00161290,0x00161290,0x001612BC,44
FUN_001612d8,0x001612D8,0x001612F4,28
FUN_00161328,0x00161328,0x00161344,28
FUN_001614f8,0x001614F8,0x00161510,24
FUN_00161528,0x00161528,0x0016153C,20
FUN_001615c8,0x001615C8,0x001615E0,24
FUN_001615f8,0x001615F8,0x0016161C,36
FUN_00161630,0x00161630,0x00161688,88
FUN_00161698,0x00161698,0x00161788,240
FUN_00161798,0x00161798,0x001617B0,24
FUN_00161890,0x00161890,0x00161891,1
FUN_00161898,0x00161898,0x001618E8,80
zz_FUN_001618E8,0x001618E8,0x00161918,48
FUN_00161918,0x00161918,0x0016193C,36
zz_FUN_0016193C,0x0016193C,0x00161980,68
FUN_00161980,0x00161980,0x001619A0,32
zz_FUN_001619A0,0x001619A0,0x001619C0,32
FUN_001619c0,0x001619C0,0x001619FC,60
zz_FUN_001619FC,0x001619FC,0x00161A50,84
FUN_00161a50,0x00161A50,0x00161A60,16
zz_FUN_00161A60,0x00161A60,0x00161A70,16
FUN_00161a70,0x00161A70,0x00161A80,16
zz_FUN_00161A80,0x00161A80,0x00161A90,16
FUN_00161a90,0x00161A90,0x00161AC4,52
zz_FUN_00161AC4,0x00161AC4,0x00161C08,324
FUN_00161c08,0x00161C08,0x00161C1C,20
zz_FUN_00161C1C,0x00161C1C,0x00161D28,268
FUN_00161d28,0x00161D28,0x00161D90,104
FUN_00161ef0,0x00161EF0,0x00161F40,80
FUN_00161ff8,0x00161FF8,0x00162000,8
FUN_001620d0,0x001620D0,0x001620DC,12
FUN_00162270,0x00162270,0x00162278,8
FUN_001623d0,0x001623D0,0x001623F4,36
FUN_00162400,0x00162400,0x00162414,20
FUN_001625e0,0x001625E0,0x001625EC,12
FUN_00162738,0x00162738,0x0016274C,20
FUN_001627c0,0x001627C0,0x001627E4,36
FUN_00162800,0x00162800,0x001628A0,160
FUN_001628a8,0x001628A8,0x001628B0,8
FUN_00162908,0x00162908,0x00162910,8
FUN_001629a8,0x001629A8,0x001629B8,16
FUN_00162bf0,0x00162BF0,0x00162C08,24
FUN_00162f68,0x00162F68,0x00162F80,24
FUN_00163158,0x00163158,0x0016316C,20
FUN_001631d8,0x001631D8,0x001631E8,16
FUN_001632b8,0x001632B8,0x001632C4,12
FUN_001633b0,0x001633B0,0x001633D0,32
FUN_00163410,0x00163410,0x00163424,20
FUN_001634b8,0x001634B8,0x0016350C,84
FUN_00163588,0x00163588,0x00163590,8
FUN_00163610,0x00163610,0x00163618,8
FUN_00163698,0x00163698,0x001636EC,84
FUN_001636f8,0x001636F8,0x00163794,156
FUN_001637a0,0x001637A0,0x001637F8,88
FUN_00163808,0x00163808,0x00163868,96
FUN_00163870,0x00163870,0x001638A0,48
FUN_001638d8,0x001638D8,0x0016390C,52
FUN_00163988,0x00163988,0x00163990,8
FUN_00163b08,0x00163B08,0x00163B10,8
FUN_00163d40,0x00163D40,0x00163D78,56
FUN_00163de0,0x00163DE0,0x00163E24,68
FUN_00163ed8,0x00163ED8,0x00163EF0,24
FUN_00164000,0x00164000,0x0016406C,108
FUN_001640b0,0x001640B0,0x001640B8,8
FUN_00164168,0x00164168,0x001641C0,88
FUN_00164268,0x00164268,0x00164290,40
FUN_001643c0,0x001643C0,0x00164428,104
FUN_001645d8,0x001645D8,0x00164614,60
FUN_00164628,0x00164628,0x00164688,96
FUN_00164690,0x00164690,0x001646A8,24
FUN_00164720,0x00164720,0x0016477C,92
FUN_00164788,0x00164788,0x001647A4,28
FUN_00165020,0x00165020,0x00165038,24
FUN_00165130,0x00165130,0x00165144,20
FUN_001651c8,0x001651C8,0x001651D4,12
FUN_001652b0,0x001652B0,0x001652D8,40
FUN_001653b8,0x001653B8,0x001653D0,24
FUN_00165430,0x00165430,0x00165448,24
FUN_00165480,0x00165480,0x00165484,4
FUN_00165490,0x00165490,0x00165494,4
FUN_001654a0,0x001654A0,0x001654C0,32
FUN_001654d0,0x001654D0,0x0016551C,76
FUN_00165560,0x00165560,0x00165578,24
FUN_001658d0,0x001658D0,0x001658E0,16
FUN_00165ba0,0x00165BA0,0x00165BC4,36
FUN_00165bd0,0x00165BD0,0x00165C24,84
FUN_00165c40,0x00165C40,0x00165C5C,28
FUN_00165c68,0x00165C68,0x00165CF8,144
FUN_00165d08,0x00165D08,0x00165D1C,20
FUN_00165da8,0x00165DA8,0x00165DBC,20
FUN_00165e30,0x00165E30,0x00165E48,24
FUN_00165e58,0x00165E58,0x00165E6C,20
FUN_00165ee0,0x00165EE0,0x00165EF0,16
FUN_00166040,0x00166040,0x00166060,32
FUN_001661c8,0x001661C8,0x001661FC,52
FUN_00166228,0x00166228,0x001662B4,140
FUN_001662c8,0x001662C8,0x001662F0,40
FUN_00166348,0x00166348,0x00166364,28
FUN_00166370,0x00166370,0x00166388,24
FUN_00166398,0x00166398,0x001663A8,16
FUN_00166438,0x00166438,0x00166450,24
FUN_00166460,0x00166460,0x00166470,16
FUN_001664f0,0x001664F0,0x00166508,24
zz_FUN_00166508,0x00166508,0x00166518,16
FUN_00166518,0x00166518,0x00166568,80
zz_FUN_00166568,0x00166568,0x001665B0,72
FUN_001665b0,0x001665B0,0x001665D8,40
zz_FUN_001665D8,0x001665D8,0x001665F0,24
FUN_001665f0,0x001665F0,0x0016664C,92
zz_FUN_0016664C,0x0016664C,0x001666D0,132
FUN_001666d0,0x001666D0,0x0016675C,140
zz_FUN_0016675C,0x0016675C,0x00166780,36
FUN_00166780,0x00166780,0x00166788,8
zz_FUN_00166788,0x00166788,0x00166850,200
FUN_00166850,0x00166850,0x00166888,56
zz_FUN_00166888,0x00166888,0x00166890,8
FUN_00166890,0x00166890,0x001668C0,48
zz_FUN_001668C0,0x001668C0,0x001668F8,56
FUN_001668f8,0x001668F8,0x00166900,8
FUN_00166988,0x00166988,0x00166A30,168
FUN_00166b00,0x00166B00,0x00166B18,24
FUN_00166ba8,0x00166BA8,0x00166BB8,16
FUN_00166bf0,0x00166BF0,0x00166C08,24
FUN_00166c78,0x00166C78,0x00166C80,8
FUN_00166f54,0x00166F54,0x001670B0,348
FUN_00167388,0x00167388,0x001673B0,40
FUN_001673b8,0x001673B8,0x00167420,104
FUN_00167420,0x00167420,0x00167448,40
FUN_00167448,0x00167448,0x00167450,8
FUN_00167450,0x00167450,0x001674AC,92
FUN_001674AC,0x001674AC,0x001674C0,20
FUN_001674c0,0x001674C0,0x00167500,64
FUN_00167500,0x00167500,0x00167508,8
FUN_00167508,0x00167508,0x001675A8,160
FUN_001675A8,0x001675A8,0x001675B8,16
FUN_001675b8,0x001675B8,0x001675EC,52
FUN_001675EC,0x001675EC,0x001675F8,12
FUN_001675f8,0x001675F8,0x00167620,40
FUN_00167620,0x00167620,0x00167800,480
FUN_00167800,0x00167800,0x00167908,264
FUN_00167908,0x00167908,0x00167950,72
FUN_00167950,0x00167950,0x00167998,72
FUN_00167998,0x00167998,0x001679DC,68
FUN_001679DC,0x001679DC,0x001679E8,12
FUN_001679e8,0x001679E8,0x001679EC,4
FUN_001679EC,0x001679EC,0x001679F8,12
FUN_001679f8,0x001679F8,0x00167A14,28
FUN_00167A14,0x00167A14,0x00167A50,60
FUN_00167a50,0x00167A50,0x00167A54,4
FUN_00167A54,0x00167A54,0x00167A60,12
FUN_00167a60,0x00167A60,0x00167AAC,76
FUN_00167AAC,0x00167AAC,0x00167AB8,12
FUN_00167ab8,0x00167AB8,0x00167AD0,24
FUN_00167AD0,0x00167AD0,0x00167B10,64
FUN_00167b10,0x00167B10,0x00167B24,20
FUN_00167B24,0x00167B24,0x00167B38,20
FUN_00167b38,0x00167B38,0x00167B64,44
FUN_00167B64,0x00167B64,0x00167BA8,68
FUN_00167ba8,0x00167BA8,0x00167BCC,36
zz_FUN_00167BCC,0x00167BCC,0x00167BE8,28
FUN_00167be8,0x00167BE8,0x00167C08,32
zz_FUN_00167C08,0x00167C08,0x00167CA0,152
FUN_00167ca0,0x00167CA0,0x00167CC8,40
zz_FUN_00167CC8,0x00167CC8,0x00167D70,168
FUN_00167d70,0x00167D70,0x00167D78,8
zz_FUN_00167D78,0x00167D78,0x00167E20,168
FUN_00167e20,0x00167E20,0x00167E3C,28
zz_FUN_00167E3C,0x00167E3C,0x00167F50,276
FUN_00167f50,0x00167F50,0x00167F78,40
zz_FUN_00167F78,0x00167F78,0x00167F88,16
FUN_00167f88,0x00167F88,0x00167FA4,28
zz_FUN_00167FA4,0x00167FA4,0x00167FB0,12
FUN_00167fb0,0x00167FB0,0x00167FC8,24
zz_FUN_00167FC8,0x00167FC8,0x00167FD8,16
FUN_00167fd8,0x00167FD8,0x00167FF8,32
FUN_00168008,0x00168008,0x00168028,32
FUN_00168038,0x00168038,0x00168054,28
zz_FUN_00168054,0x00168054,0x00168060,12
FUN_00168060,0x00168060,0x00168078,24
zz_FUN_00168078,0x00168078,0x00168318,672
FUN_00168318,0x00168318,0x00168320,8
zz_FUN_00168320,0x00168320,0x001685F0,720
FUN_001685f0,0x001685F0,0x00168614,36
zz_FUN_00168614,0x00168614,0x00168640,44
FUN_00168640,0x00168640,0x00168664,36
zz_FUN_00168664,0x00168664,0x00168688,36
FUN_00168688,0x00168688,0x00168690,8
zz_FUN_00168690,0x00168690,0x001686E0,80
zz_FUN_001686E0,0x001686E0,0x001687B8,216
FUN_001687b8,0x001687B8,0x00168820,104
zz_FUN_00168820,0x00168820,0x00168838,24
zz_FUN_00168838,0x00168838,0x00168850,24
FUN_00168850,0x00168850,0x001688DC,140
zz_FUN_001688DC,0x001688DC,0x00168968,140
FUN_00168968,0x00168968,0x00168978,16
zz_FUN_00168978,0x00168978,0x00168D20,936
FUN_00168d20,0x00168D20,0x00168D3C,28
FUN_00168e20,0x00168E20,0x00168E28,8
FUN_00168eb0,0x00168EB0,0x00168EB4,4
FUN_00168f00,0x00168F00,0x00168F04,4
FUN_00168f60,0x00168F60,0x00168F64,4
FUN_00168fb0,0x00168FB0,0x00168FB4,4
FUN_00169028,0x00169028,0x00169030,8
FUN_001690b0,0x001690B0,0x001690B4,4
FUN_00169128,0x00169128,0x0016913C,20
FUN_00169148,0x00169148,0x00169160,24
FUN_001693c8,0x001693C8,0x001693E0,24
FUN_001695e0,0x001695E0,0x00169600,32
FUN_00169670,0x00169670,0x00169694,36
FUN_001696a0,0x001696A0,0x001696A4,4
FUN_00169708,0x00169708,0x00169724,28
FUN_00169730,0x00169730,0x00169734,4
FUN_00169750,0x00169750,0x0016979C,76
FUN_001697a8,0x001697A8,0x001697CC,36
FUN_001697d8,0x001697D8,0x001697F8,32
FUN_00169800,0x00169800,0x00169814,20
FUN_00169940,0x00169940,0x0016994C,12
FUN_00169a28,0x00169A28,0x00169A3C,20
FUN_00169d08,0x00169D08,0x00169D14,12
FUN_00169dc0,0x00169DC0,0x00169E50,144
FUN_00169ea0,0x00169EA0,0x00169EE4,68
FUN_0016a1b8,0x0016A1B8,0x0016A1C0,8
FUN_0016a5b8,0x0016A5B8,0x0016A6A8,240
FUN_0016a748,0x0016A748,0x0016A768,32
FUN_0016a778,0x0016A778,0x0016A798,32
FUN_0016a7a8,0x0016A7A8,0x0016A7C4,28
FUN_0016a7f0,0x0016A7F0,0x0016A80C,28
FUN_0016a838,0x0016A838,0x0016A854,28
FUN_0016a878,0x0016A878,0x0016A8B8,64
FUN_0016a8c8,0x0016A8C8,0x0016A954,140
FUN_0016a960,0x0016A960,0x0016A980,32
FUN_0016a990,0x0016A990,0x0016A9B8,40
FUN_0016a9d0,0x0016A9D0,0x0016A9E8,24
FUN_0016a9f8,0x0016A9F8,0x0016AA18,32
FUN_0016aa28,0x0016AA28,0x0016AA50,40
FUN_0016aa68,0x0016AA68,0x0016AA80,24
FUN_0016aa90,0x0016AA90,0x0016AA94,4
FUN_0016ac68,0x0016AC68,0x0016ACCC,100
FUN_0016acd8,0x0016ACD8,0x0016AD2C,84
FUN_0016ada8,0x0016ADA8,0x0016ADB8,16
FUN_0016add8,0x0016ADD8,0x0016ADE8,16
FUN_0016ae08,0x0016AE08,0x0016AE1C,20
FUN_0016ae88,0x0016AE88,0x0016AE9C,20
FUN_0016aef8,0x0016AEF8,0x0016AF14,28
FUN_0016af20,0x0016AF20,0x0016AF3C,28
FUN_0016af48,0x0016AF48,0x0016B014,204
FUN_0016b028,0x0016B028,0x0016B048,32
FUN_0016b100,0x0016B100,0x0016B110,16
FUN_0016b1b8,0x0016B1B8,0x0016B1D8,32
FUN_0016b1e0,0x0016B1E0,0x0016B26C,140
FUN_0016b298,0x0016B298,0x0016B2AC,20
FUN_0016b2b8,0x0016B2B8,0x0016B2D0,24
FUN_0016b2d8,0x0016B2D8,0x0016B2EC,20
FUN_0016b2f8,0x0016B2F8,0x0016B308,16
FUN_0016b320,0x0016B320,0x0016B34C,44
FUN_0016b428,0x0016B428,0x0016B430,8
FUN_0016b480,0x0016B480,0x0016B498,24
FUN_0016b4e0,0x0016B4E0,0x0016B4E8,8
FUN_0016b588,0x0016B588,0x0016B5CC,68
FUN_0016b5d8,0x0016B5D8,0x0016B5F8,32
FUN_0016b758,0x0016B758,0x0016B75C,4
FUN_0016bbe0,0x0016BBE0,0x0016BC0C,44
FUN_0016be18,0x0016BE18,0x0016BEB8,160
FUN_0016bec0,0x0016BEC0,0x0016BF00,64
FUN_0016bf08,0x0016BF08,0x0016BF0C,4
FUN_0016c000,0x0016C000,0x0016C010,16
FUN_0016c178,0x0016C178,0x0016C180,8
FUN_0016c358,0x0016C358,0x0016C35C,4
FUN_0016c420,0x0016C420,0x0016C424,4
FUN_0016c558,0x0016C558,0x0016C5A0,72
FUN_0016c5d0,0x0016C5D0,0x0016C608,56
FUN_0016c610,0x0016C610,0x0016C654,68
zz_FUN_0016C660,0x0016C660,0x0016C710,176
FUN_0016c710,0x0016C710,0x0016C718,8
FUN_0016c8c8,0x0016C8C8,0x0016C8E4,28
FUN_0016c8f0,0x0016C8F0,0x0016C90C,28
FUN_0016c918,0x0016C918,0x0016C954,60
FUN_0016c960,0x0016C960,0x0016C998,56
FUN_0016c9a8,0x0016C9A8,0x0016C9DC,52
FUN_0016c9f0,0x0016C9F0,0x0016CA1C,44
FUN_0016ca30,0x0016CA30,0x0016CA3C,12
FUN_0016cb68,0x0016CB68,0x0016CC00,152
FUN_0016cc08,0x0016CC08,0x0016CC0C,4
FUN_0016ccc0,0x0016CCC0,0x0016CCC4,4
zz_FUN_0016CCC4,0x0016CCC4,0x0016CD48,132
FUN_0016cd48,0x0016CD48,0x0016CD58,16
zz_FUN_0016CD58,0x0016CD58,0x0016CE00,168
FUN_0016ce00,0x0016CE00,0x0016CE18,24
zz_FUN_0016CE18,0x0016CE18,0x0016CE38,32
FUN_0016ce38,0x0016CE38,0x0016CEAC,116
zz_FUN_0016CEAC,0x0016CEAC,0x0016CEB8,12
FUN_0016ceb8,0x0016CEB8,0x0016CEDC,36
zz_FUN_0016CEDC,0x0016CEDC,0x0016CEE8,12
FUN_0016cee8,0x0016CEE8,0x0016CF14,44
zz_FUN_0016CF14,0x0016CF14,0x0016CF20,12
FUN_0016cf20,0x0016CF20,0x0016CF54,52
zz_FUN_0016CF54,0x0016CF54,0x0016CF68,20
FUN_0016cf68,0x0016CF68,0x0016CFAC,68
zz_FUN_0016CFAC,0x0016CFAC,0x0016CFE0,52
FUN_0016cfe0,0x0016CFE0,0x0016D024,68
FUN_0016d060,0x0016D060,0x0016D074,20
FUN_0016d080,0x0016D080,0x0016D088,8
FUN_0016d158,0x0016D158,0x0016D160,8
FUN_0016d208,0x0016D208,0x0016D21C,20
FUN_0016d268,0x0016D268,0x0016D280,24
FUN_0016d2a8,0x0016D2A8,0x0016D2CC,36
FUN_0016d2f8,0x0016D2F8,0x0016D32C,52
FUN_0016d338,0x0016D338,0x0016D3DC,164
FUN_0016d3e8,0x0016D3E8,0x0016D444,92
FUN_0016d450,0x0016D450,0x0016D588,312
FUN_0016d648,0x0016D648,0x0016D6E4,156
FUN_0016d798,0x0016D798,0x0016D838,160
FUN_0016da48,0x0016DA48,0x0016DAE4,156
FUN_0016daf0,0x0016DAF0,0x0016DB6C,124
FUN_0016dc20,0x0016DC20,0x0016DCB4,148
FUN_0016dcc0,0x0016DCC0,0x0016DD04,68
FUN_0016dd18,0x0016DD18,0x0016DD38,32
FUN_0016e0c8,0x0016E0C8,0x0016E1A4,220
FUN_0016e1d0,0x0016E1D0,0x0016E22C,92
FUN_0016e258,0x0016E258,0x0016E260,8
FUN_0016e308,0x0016E308,0x0016E310,8
FUN_0016e370,0x0016E370,0x0016E388,24
FUN_0016e3e0,0x0016E3E0,0x0016E3E8,8
FUN_0016e438,0x0016E438,0x0016E450,24
FUN_0016e490,0x0016E490,0x0016E498,8
FUN_0016e540,0x0016E540,0x0016E548,8
FUN_0016e5a8,0x0016E5A8,0x0016E5C0,24
FUN_0016e618,0x0016E618,0x0016E624,12
zz_FUN_0016e690,0x0016E690,0x0016E6C0,48
FUN_0016e6c0,0x0016E6C0,0x0016E6C8,8
FUN_0016e728,0x0016E728,0x0016E740,24
FUN_0016e760,0x0016E760,0x0016E770,16
FUN_0016eb18,0x0016EB18,0x0016EB20,8
FUN_0016ef38,0x0016EF38,0x0016EF3C,4
FUN_0016ef90,0x0016EF90,0x0016EF94,4
FUN_0016efa0,0x0016EFA0,0x0016EFA4,4
FUN_0016eff0,0x0016EFF0,0x0016F030,64
FUN_0016f090,0x0016F090,0x0016F0BC,44
FUN_0016f188,0x0016F188,0x0016F1A0,24
FUN_0016f1a8,0x0016F1A8,0x0016F1D0,40
FUN_0016f1d8,0x0016F1D8,0x0016F1EC,20
FUN_0016f288,0x0016F288,0x0016F2A0,24
FUN_0016f368,0x0016F368,0x0016F38C,36
FUN_0016f3a8,0x0016F3A8,0x0016F3B0,8
FUN_0016f408,0x0016F408,0x0016F458,80
FUN_0016f480,0x0016F480,0x0016F4D0,80
FUN_0016f4f8,0x0016F4F8,0x0016F500,8
FUN_0016f6b0,0x0016F6B0,0x0016F6B8,8
FUN_0016f800,0x0016F800,0x0016F810,16
FUN_0016f960,0x0016F960,0x0016F994,52
FUN_0016f9a0,0x0016F9A0,0x0016F9A4,4
FUN_0016f9b0,0x0016F9B0,0x0016FA14,100
FUN_0016fa28,0x0016FA28,0x0016FA34,12
FUN_0016fb30,0x0016FB30,0x0016FB48,24
FUN_0016fb50,0x0016FB50,0x0016FB58,8
FUN_0016fb60,0x0016FB60,0x0016FBAC,76
zz_FUN_0016fbb8,0x0016FBB8,0x0016FBF0,56
zz_FUN_0016fbf0,0x0016FBF0,0x0016FC50,96
FUN_0016fc50,0x0016FC50,0x0016FC70,32
zz_FUN_0016FC70,0x0016FC70,0x001704B8,2120
FUN_001704b8,0x001704B8,0x001704C0,8
zz_FUN_001704C0,0x001704C0,0x00170A10,1360
FUN_00170a10,0x00170A10,0x00170A14,4
zz_FUN_00170A14,0x00170A14,0x001710A0,1676
FUN_001710a0,0x001710A0,0x001710A8,8
zz_FUN_001710A8,0x001710A8,0x00171470,968
FUN_00171470,0x00171470,0x00171474,4
zz_FUN_00171474,0x00171474,0x00171620,428
FUN_00171620,0x00171620,0x00171628,8
zz_FUN_00171628,0x00171628,0x00171798,368
FUN_00171798,0x00171798,0x001717A8,16
zz_FUN_001717A8,0x001717A8,0x00171910,360
FUN_00171910,0x00171910,0x00171918,8
zz_FUN_00171918,0x00171918,0x00171BF8,736
FUN_00171bf8,0x00171BF8,0x00171C10,24
zz_FUN_00171C10,0x00171C10,0x00171C20,16
FUN_00171c20,0x00171C20,0x00171C38,24
zz_FUN_00171C38,0x00171C38,0x00171C48,16
FUN_00171c48,0x00171C48,0x00171C60,24
zz_FUN_00171C60,0x00171C60,0x00171C70,16
FUN_00171c70,0x00171C70,0x00171C88,24
zz_FUN_00171C88,0x00171C88,0x00171C98,16
FUN_00171c98,0x00171C98,0x00171CCC,52
zz_FUN_00171CCC,0x00171CCC,0x00171CD8,12
FUN_00171cd8,0x00171CD8,0x00171D1C,68
zz_FUN_00171D1C,0x00171D1C,0x00171D28,12
FUN_00171d28,0x00171D28,0x00171D64,60
zz_FUN_00171D64,0x00171D64,0x00171D70,12
FUN_00171d70,0x00171D70,0x00171DBC,76
zz_FUN_00171DBC,0x00171DBC,0x00171DC8,12
FUN_00171dc8,0x00171DC8,0x00171E14,76
FUN_00171e20,0x00171E20,0x00171E58,56
FUN_00171e68,0x00171E68,0x00171EA8,64
zz_FUN_00171EB8,0x00171EB8,0x00171F88,208
FUN_00171f88,0x00171F88,0x00171FAC,36
FUN_001720d8,0x001720D8,0x001720E0,8
zz_FUN_001720E0,0x001720E0,0x00172380,672
FUN_00172380,0x00172380,0x0017238C,12
zz_FUN_0017238C,0x0017238C,0x001726E0,852
FUN_001726e0,0x001726E0,0x001726E8,8
FUN_00172aa0,0x00172AA0,0x00172AA8,8
FUN_00172e60,0x00172E60,0x00172EDC,124
FUN_00172ee8,0x00172EE8,0x00172EEC,4
FUN_00172fe8,0x00172FE8,0x00172FF0,8
FUN_001731b0,0x001731B0,0x001731B4,4
FUN_001735d8,0x001735D8,0x001735E0,8
FUN_001736b0,0x001736B0,0x001736BC,12
FUN_00173a40,0x00173A40,0x00173A6C,44
FUN_00173b38,0x00173B38,0x00173B5C,36
FUN_00173c20,0x00173C20,0x00173C34,20
FUN_00173de0,0x00173DE0,0x00173DE8,8
FUN_00174220,0x00174220,0x00174228,8
FUN_00174340,0x00174340,0x00174384,68
FUN_00174480,0x00174480,0x00174490,16
FUN_001746b0,0x001746B0,0x001746C8,24
FUN_00174b70,0x00174B70,0x00174BC8,88
FUN_00174c30,0x00174C30,0x00174C40,16
FUN_00174eb8,0x00174EB8,0x00174EC0,8
FUN_001753a8,0x001753A8,0x001753C0,24
FUN_00175928,0x00175928,0x00175930,8
FUN_001759b8,0x001759B8,0x001759D4,28
zz_FUN_001759D4,0x001759D4,0x001759F8,36
FUN_001759f8,0x001759F8,0x001759FC,4
zz_FUN_001759FC,0x001759FC,0x00175A18,28
FUN_00175a18,0x00175A18,0x00175A30,24
zz_FUN_00175A30,0x00175A30,0x00175B08,216
FUN_00175b08,0x00175B08,0x00175BBC,180
zz_FUN_00175BBC,0x00175BBC,0x00175BF8,60
FUN_00175bf8,0x00175BF8,0x00175CB4,188
zz_FUN_00175CB4,0x00175CB4,0x00175CF0,60
FUN_00175cf0,0x00175CF0,0x00175D04,20
zz_FUN_00175D04,0x00175D04,0x00175D78,116
FUN_00175d78,0x00175D78,0x00175D80,8
FUN_00175dd8,0x00175DD8,0x00175E08,48
FUN_00175e28,0x00175E28,0x00175E40,24
FUN_00175e50,0x00175E50,0x00175E54,4
FUN_00175ed0,0x00175ED0,0x00175ED4,4
FUN_00175f68,0x00175F68,0x00175F88,32
FUN_001760e0,0x001760E0,0x001760E8,8
FUN_001763d0,0x001763D0,0x001763D8,8
FUN_001765c0,0x001765C0,0x001765C8,8
FUN_001767c0,0x001767C0,0x001767CC,12
FUN_00176830,0x00176830,0x00176834,4
FUN_00176ee0,0x00176EE0,0x00176EFC,28
FUN_00176fc8,0x00176FC8,0x00176FD8,16
FUN_001770c0,0x001770C0,0x001770D0,16
FUN_00177148,0x00177148,0x0017715C,20
FUN_001772b8,0x001772B8,0x001772BC,4
FUN_00177318,0x00177318,0x00177324,12
FUN_00177430,0x00177430,0x00177500,208
FUN_00177508,0x00177508,0x00177534,44
FUN_00177540,0x00177540,0x00177590,80
FUN_001775f0,0x001775F0,0x001775F8,8
FUN_001776c0,0x001776C0,0x001776FC,60
FUN_00177710,0x00177710,0x00177728,24
FUN_00177808,0x00177808,0x0017782C,36
FUN_00177838,0x00177838,0x0017783C,4
FUN_001778e8,0x001778E8,0x001778F0,8
FUN_00177968,0x00177968,0x001779B0,72
FUN_001779c0,0x001779C0,0x001779EC,44
FUN_00177aa8,0x00177AA8,0x00177AC4,28
FUN_00177b90,0x00177B90,0x00177BBC,44
FUN_00177bc8,0x00177BC8,0x00177BF0,40
FUN_00177bf8,0x00177BF8,0x00177C20,40
FUN_00177cc8,0x00177CC8,0x00177CF8,48
FUN_00177d00,0x00177D00,0x00177D48,72
FUN_00177d80,0x00177D80,0x00177DE0,96
FUN_00177df8,0x00177DF8,0x00177E08,16
FUN_00177e18,0x00177E18,0x00177E1C,4
FUN_00177eb0,0x00177EB0,0x00177EC0,16
FUN_00177ed0,0x00177ED0,0x00177EE0,16
FUN_00177ef0,0x00177EF0,0x00177F7C,140
FUN_00177fd8,0x00177FD8,0x00177FE4,12
FUN_00178060,0x00178060,0x0017806C,12
FUN_00178108,0x00178108,0x001781A4,156
FUN_00178210,0x00178210,0x0017829C,140
FUN_001782e0,0x001782E0,0x00178340,96
FUN_00178440,0x00178440,0x00178478,56
FUN_001784c0,0x001784C0,0x001784EC,44
FUN_001784f8,0x001784F8,0x00178500,8
FUN_00178608,0x00178608,0x00178610,8
FUN_00178688,0x00178688,0x001786B4,44
FUN_001786c0,0x001786C0,0x001786EC,44
FUN_001787a0,0x001787A0,0x001787F0,80
FUN_00178858,0x00178858,0x00178884,44
FUN_00178890,0x00178890,0x001788A0,16
FUN_001788c0,0x001788C0,0x001788D0,16
FUN_001788e0,0x001788E0,0x001788F0,16
FUN_00178900,0x00178900,0x00178910,16
FUN_00178920,0x00178920,0x00178930,16
FUN_00178940,0x00178940,0x00178960,32
FUN_00178968,0x00178968,0x00178978,16
FUN_00178988,0x00178988,0x00178998,16
FUN_001789a8,0x001789A8,0x001789B8,16
FUN_001789c8,0x001789C8,0x001789D8,16
FUN_001789e8,0x001789E8,0x00178A14,44
FUN_00178a20,0x00178A20,0x00178A78,88
FUN_00178a80,0x00178A80,0x00178AB8,56
FUN_00178ac8,0x00178AC8,0x00178B0C,68
FUN_00178b20,0x00178B20,0x00178B68,72
FUN_00178ba0,0x00178BA0,0x00178BE8,72
FUN_00178c80,0x00178C80,0x00178C88,8
FUN_00178d98,0x00178D98,0x00178DA0,8
FUN_00178e98,0x00178E98,0x00178F20,136
FUN_00178f28,0x00178F28,0x00178F50,40
FUN_00179008,0x00179008,0x0017902C,36
FUN_001790a0,0x001790A0,0x001790B0,16
FUN_001790c0,0x001790C0,0x001790D0,16
FUN_001790e0,0x001790E0,0x001790F0,16
FUN_00179100,0x00179100,0x00179110,16
FUN_00179120,0x00179120,0x00179130,16
FUN_00179140,0x00179140,0x00179150,16
FUN_00179160,0x00179160,0x00179170,16
FUN_00179190,0x00179190,0x001791A0,16
FUN_001791b0,0x001791B0,0x001791C0,16
FUN_001791e0,0x001791E0,0x001791F8,24
FUN_00179240,0x00179240,0x00179250,16
FUN_00179260,0x00179260,0x00179270,16
FUN_00179280,0x00179280,0x00179290,16
FUN_001792a0,0x001792A0,0x001792B0,16
FUN_001792c0,0x001792C0,0x001792D0,16
FUN_001792e0,0x001792E0,0x00179304,36
FUN_00179318,0x00179318,0x00179340,40
FUN_00179358,0x00179358,0x0017937C,36
FUN_00179390,0x00179390,0x001793B4,36
FUN_001793c8,0x001793C8,0x001793D8,16
FUN_00179428,0x00179428,0x00179460,56
FUN_00179498,0x00179498,0x001794B0,24
FUN_001794d0,0x001794D0,0x001794E0,16
FUN_001794f0,0x001794F0,0x00179500,16
FUN_00179510,0x00179510,0x00179520,16
FUN_00179530,0x00179530,0x00179540,16
FUN_00179550,0x00179550,0x00179590,64
FUN_00179598,0x00179598,0x0017959C,4
FUN_001795a8,0x001795A8,0x001795B4,12
FUN_00179668,0x00179668,0x0017966C,4
FUN_00179758,0x00179758,0x00179768,16
FUN_00179778,0x00179778,0x001797A0,40
FUN_001797f0,0x001797F0,0x00179800,16
FUN_00179810,0x00179810,0x00179820,16
FUN_00179840,0x00179840,0x00179850,16
FUN_00179870,0x00179870,0x00179880,16
FUN_00179890,0x00179890,0x001798A0,16
FUN_001798b0,0x001798B0,0x001798D4,36
FUN_001798e0,0x001798E0,0x00179900,32
FUN_00179958,0x00179958,0x00179998,64
FUN_001799a0,0x001799A0,0x001799C0,32
FUN_00179a18,0x00179A18,0x00179A58,64
FUN_00179a60,0x00179A60,0x00179A84,36
FUN_00179a98,0x00179A98,0x00179AAC,20
FUN_00179b60,0x00179B60,0x00179B74,20
FUN_00179c28,0x00179C28,0x00179C6C,68
FUN_00179cc8,0x00179CC8,0x00179CEC,36
FUN_00179d00,0x00179D00,0x00179D14,20
FUN_00179d48,0x00179D48,0x00179D64,28
FUN_00179d70,0x00179D70,0x00179DDC,108
FUN_00179de8,0x00179DE8,0x00179E00,24
FUN_00179e40,0x00179E40,0x00179E4C,12
FUN_00179fd0,0x00179FD0,0x00179FD8,8
zz_FUN_0017A090,0x0017A090,0x0017A0B0,32
zz_FUN_0017A0B0,0x0017A0B0,0x0017A0C0,16
FUN_0017a0c0,0x0017A0C0,0x0017A100,64
zz_FUN_0017A100,0x0017A100,0x0017A1D0,208
FUN_0017a1d0,0x0017A1D0,0x0017A1D8,8
zz_FUN_0017A1D8,0x0017A1D8,0x0017A250,120
zz_FUN_0017A250,0x0017A250,0x0017A3D8,392
zz_FUN_0017A3D8,0x0017A3D8,0x0017A4A0,200
FUN_0017a4a0,0x0017A4A0,0x0017A4BC,28
zz_FUN_0017A4BC,0x0017A4BC,0x0017A658,412
FUN_0017a658,0x0017A658,0x0017A720,200
zz_FUN_0017A720,0x0017A720,0x0017A728,8
FUN_0017a728,0x0017A728,0x0017A738,16
zz_FUN_0017A738,0x0017A738,0x0017A908,464
FUN_0017a908,0x0017A908,0x0017A960,88
zz_FUN_0017A960,0x0017A960,0x0017A968,8
FUN_0017a968,0x0017A968,0x0017A980,24
zz_FUN_0017A980,0x0017A980,0x0017AAA0,288
FUN_0017aaa0,0x0017AAA0,0x0017AAB8,24
zz_FUN_0017AAB8,0x0017AAB8,0x0017AC58,416
FUN_0017ac58,0x0017AC58,0x0017AC60,8
zz_FUN_0017AC60,0x0017AC60,0x0017AFC0,864
FUN_0017afc0,0x0017AFC0,0x0017AFD4,20
zz_FUN_0017AFD4,0x0017AFD4,0x0017B190,444
FUN_0017b190,0x0017B190,0x0017B198,8
zz_FUN_0017B198,0x0017B198,0x0017B2F8,352
FUN_0017b2f8,0x0017B2F8,0x0017B304,12
zz_FUN_0017B304,0x0017B304,0x0017B4E0,476
FUN_0017b4e0,0x0017B4E0,0x0017B4F4,20
zz_FUN_0017B4F4,0x0017B4F4,0x0017B648,340
FUN_0017b648,0x0017B648,0x0017B64C,4
zz_FUN_0017B64C,0x0017B64C,0x0017B690,68
FUN_0017b690,0x0017B690,0x0017B6A8,24
zz_FUN_0017B6A8,0x0017B6A8,0x0017BCB0,1544
FUN_0017bcb0,0x0017BCB0,0x0017BCC8,24
zz_FUN_0017BCC8,0x0017BCC8,0x0017C100,1080
FUN_0017c100,0x0017C100,0x0017C108,8
zz_FUN_0017C108,0x0017C108,0x0017C378,624
FUN_0017c378,0x0017C378,0x0017C384,12
FUN_0017c600,0x0017C600,0x0017C614,20
FUN_0017c7f8,0x0017C7F8,0x0017C820,40
zz_FUN_0017C820,0x0017C820,0x0017CCB8,1176
FUN_0017ccb8,0x0017CCB8,0x0017CCCC,20
zz_FUN_0017CCCC,0x0017CCCC,0x0017CF98,716
FUN_0017cf98,0x0017CF98,0x0017CF9C,4
zz_FUN_0017CF9C,0x0017CF9C,0x0017D048,172
FUN_0017d048,0x0017D048,0x0017D058,16
zz_FUN_0017D058,0x0017D058,0x0017D260,520
FUN_0017d260,0x0017D260,0x0017D28C,44
zz_FUN_0017D28C,0x0017D28C,0x0017D298,12
FUN_0017d298,0x0017D298,0x0017D2A0,8
zz_FUN_0017D2A0,0x0017D2A0,0x0017D2F8,88
FUN_0017d2f8,0x0017D2F8,0x0017D300,8
zz_FUN_0017D300,0x0017D300,0x0017D358,88
FUN_0017d358,0x0017D358,0x0017D35C,4
zz_FUN_0017D35C,0x0017D35C,0x0017D4C8,364
FUN_0017d4c8,0x0017D4C8,0x0017D524,92
zz_FUN_0017D524,0x0017D524,0x0017D558,52
FUN_0017d558,0x0017D558,0x0017D58C,52
zz_FUN_0017D58C,0x0017D58C,0x0017DB20,1428
FUN_0017db20,0x0017DB20,0x0017DB70,80
FUN_0017db70,0x0017DB70,0x0017DBC0,80
FUN_0017dbc0,0x0017DBC0,0x0017DC10,80
FUN_0017dc10,0x0017DC10,0x0017DC60,80
FUN_0017dc60,0x0017DC60,0x0017DC70,16
zz_FUN_0017DC70,0x0017DC70,0x0017DE58,488
FUN_0017de58,0x0017DE58,0x0017DE60,8
zz_FUN_0017DE60,0x0017DE60,0x0017DEB8,88
FUN_0017deb8,0x0017DEB8,0x0017DEBC,4
zz_FUN_0017DEBC,0x0017DEBC,0x0017DF40,132
FUN_0017df40,0x0017DF40,0x0017DF50,16
zz_FUN_0017DF50,0x0017DF50,0x0017DFB0,96
FUN_0017dfb0,0x0017DFB0,0x0017DFB4,4
zz_FUN_0017DFB4,0x0017DFB4,0x0017E0A4,240
FUN_0017e0a4,0x0017E0A4,0x0017E0E0,60
zz_FUN_0017E0E0,0x0017E0E0,0x0017E328,584
FUN_0017e328,0x0017E328,0x0017E3F4,204
zz_FUN_0017E3F4,0x0017E3F4,0x0017E4A0,172
FUN_0017e4a0,0x0017E4A0,0x0017E4EC,76
FUN_0017e4d0,0x0017E4D0,0x0017E4DC,12
FUN_0017e4dc,0x0017E4DC,0x0017E4F4,24
FUN_0017e4f4,0x0017E4F4,0x0017E4FC,8
FUN_0017e4fc,0x0017E4FC,0x0017E500,4
zz_FUN_0017E500,0x0017E500,0x0017E538,56
FUN_0017e538,0x0017E538,0x0017E554,28
zz_FUN_0017E554,0x0017E554,0x0017E7B0,604
FUN_0017e7b0,0x0017E7B0,0x0017E7BC,12
zz_FUN_0017E7BC,0x0017E7BC,0x0017F000,2116
FUN_0017f000,0x0017F000,0x0017F040,64
zz_FUN_0017F040,0x0017F040,0x0017F048,8
FUN_0017f048,0x0017F048,0x0017F088,64
zz_FUN_0017F088,0x0017F088,0x0017F0A8,32
FUN_0017f0a8,0x0017F0A8,0x0017F0D8,48
zz_FUN_0017F0D8,0x0017F0D8,0x0017F188,176
FUN_0017f188,0x0017F188,0x0017F1B8,48
FUN_0017F1B8,0x0017F1B8,0x0017F1C0,8
FUN_0017f1c0,0x0017F1C0,0x0017F268,168
FUN_0017F268,0x0017F268,0x0017F278,16
FUN_0017f278,0x0017F278,0x0017F2C8,80
FUN_0017F2C8,0x0017F2C8,0x0017F2D0,8
FUN_0017f2d0,0x0017F2D0,0x0017F35C,140
FUN_0017F35C,0x0017F35C,0x0017F428,204
FUN_0017f428,0x0017F428,0x0017F46C,68
FUN_0017F46C,0x0017F46C,0x0017F478,12
FUN_0017f478,0x0017F478,0x0017F494,28
FUN_0017F494,0x0017F494,0x0017F4A0,12
FUN_0017f4a0,0x0017F4A0,0x0017F4BC,28
FUN_0017F4BC,0x0017F4BC,0x0017F538,124
FUN_0017f538,0x0017F538,0x0017F5D0,152
zz_FUN_0017F5D0,0x0017F5D0,0x0017FAD8,1288
FUN_0017fad8,0x0017FAD8,0x0017FB34,92
zz_FUN_0017FB34,0x0017FB34,0x0017FB98,100
FUN_0017fb98,0x0017FB98,0x0017FC20,136
zz_FUN_0017FC20,0x0017FC20,0x0017FE78,600
FUN_0017fe78,0x0017FE78,0x0017FED0,88
zz_FUN_0017FED0,0x0017FED0,0x0017FED8,8
FUN_0017fed8,0x0017FED8,0x00180104,556
zz_FUN_00180104,0x00180104,0x00180118,20
FUN_00180118,0x00180118,0x0018012C,20
zz_FUN_0018012C,0x0018012C,0x00180198,108
FUN_00180198,0x00180198,0x001801A4,12
zz_FUN_001801A4,0x001801A4,0x00180238,148
FUN_00180238,0x00180238,0x00180294,92
zz_FUN_00180294,0x00180294,0x00180310,124
FUN_00180310,0x00180310,0x00180394,132
zz_FUN_00180394,0x00180394,0x001803A0,12
FUN_001803a0,0x001803A0,0x0018047C,220
FUN_00180490,0x00180490,0x0018052C,156
FUN_00180540,0x00180540,0x00180550,16
FUN_00180588,0x00180588,0x001805F4,108
FUN_00180610,0x00180610,0x00180650,64
FUN_00180668,0x00180668,0x001806BC,84
FUN_00180708,0x00180708,0x0018076C,100
FUN_00180780,0x00180780,0x001807BC,60
FUN_00180840,0x00180840,0x00180880,64
FUN_00180890,0x00180890,0x001808D4,68
FUN_001808e0,0x001808E0,0x0018093C,92
FUN_00180948,0x00180948,0x00180978,48
FUN_00180980,0x00180980,0x001809AC,44
FUN_00180a28,0x00180A28,0x00180AE0,184
FUN_00180af8,0x00180AF8,0x00180B1C,36
FUN_00180b50,0x00180B50,0x00180BB8,104
FUN_00180c70,0x00180C70,0x00180CD0,96
FUN_00180d28,0x00180D28,0x00180DD0,168
FUN_00180dd8,0x00180DD8,0x00180DF8,32
FUN_00180e00,0x00180E00,0x00180ECC,204
FUN_00180f18,0x00180F18,0x00180F60,72
FUN_00181058,0x00181058,0x00181104,172
FUN_00181110,0x00181110,0x001811BC,172
FUN_00181260,0x00181260,0x001812EC,140
FUN_00181348,0x00181348,0x001813B8,112
FUN_001813c0,0x001813C0,0x001813D8,24
FUN_001814b0,0x001814B0,0x001814F4,68
FUN_00181698,0x00181698,0x00181838,416
FUN_001818e0,0x001818E0,0x0018196C,140
FUN_00181988,0x00181988,0x001819E8,96
FUN_00181ad8,0x00181AD8,0x00181B04,44
FUN_00181b10,0x00181B10,0x00181B60,80
FUN_00181b68,0x00181B68,0x00181B90,40
FUN_00181bd8,0x00181BD8,0x00181C28,80
FUN_00181c30,0x00181C30,0x00181C70,64
FUN_00181c78,0x00181C78,0x00181C9C,36
FUN_00181ca8,0x00181CA8,0x00181CD4,44
FUN_00181cf0,0x00181CF0,0x00181FDC,748
FUN_001820e8,0x001820E8,0x00182110,40
FUN_00182160,0x00182160,0x001821C0,96
FUN_001821d0,0x001821D0,0x00182208,56
FUN_00182210,0x00182210,0x00182280,112
FUN_00182288,0x00182288,0x001822F0,104
FUN_001822f8,0x001822F8,0x00182370,120
zz_FUN_00182370,0x00182370,0x00182398,40
FUN_00182398,0x00182398,0x00182474,220
FUN_00182690,0x00182690,0x001826D4,68
FUN_001826e0,0x001826E0,0x0018275C,124
FUN_00182830,0x00182830,0x0018292C,252
FUN_001829b8,0x001829B8,0x00182A24,108
FUN_00182a58,0x00182A58,0x00182AD8,128
FUN_00182bb8,0x00182BB8,0x00182C20,104
FUN_00182d30,0x00182D30,0x00182DEC,188
FUN_00182df8,0x00182DF8,0x00182ED0,216
FUN_00182ed8,0x00182ED8,0x00182F6C,148
FUN_00182f78,0x00182F78,0x00182FCC,84
FUN_00183000,0x00183000,0x001830A4,164
FUN_001830b0,0x001830B0,0x00183160,176
FUN_001831e0,0x001831E0,0x001832F8,280
FUN_00183510,0x00183510,0x00183CBC,1964
FUN_001842c8,0x001842C8,0x001843C0,248
FUN_00184a70,0x00184A70,0x00184BC0,336
FUN_00184e50,0x00184E50,0x00184F00,176
zz_FUN_00185078,0x00185078,0x00185190,280
FUN_00185190,0x00185190,0x00185230,160
zz_FUN_00185230,0x00185230,0x00185238,8
FUN_00185238,0x00185238,0x00185304,204
zz_FUN_00185304,0x00185304,0x00185310,12
FUN_00185310,0x00185310,0x001853DC,204
zz_FUN_001853DC,0x001853DC,0x001853E8,12
FUN_001853e8,0x001853E8,0x00185484,156
zz_FUN_00185484,0x00185484,0x00185490,12
FUN_00185490,0x00185490,0x00185564,212
zz_FUN_00185564,0x00185564,0x00185570,12
FUN_00185570,0x00185570,0x001856BC,332
zz_FUN_001856BC,0x001856BC,0x001856C8,12
FUN_001856c8,0x001856C8,0x001857E0,280
zz_FUN_001857E0,0x001857E0,0x001857E8,8
FUN_001857e8,0x001857E8,0x001858E4,252
zz_FUN_001858E4,0x001858E4,0x00185900,28
FUN_00185900,0x00185900,0x00185978,120
FUN_001859c0,0x001859C0,0x00185A30,112
FUN_00185a30,0x00185A30,0x00185A94,100
FUN_00185ae0,0x00185AE0,0x00185B38,88
FUN_00185b48,0x00185B48,0x00185B90,72
FUN_00185ba0,0x00185BA0,0x00185BC8,40
FUN_00185bf8,0x00185BF8,0x00185C24,44
FUN_00185c30,0x00185C30,0x00185C5C,44
FUN_00185c68,0x00185C68,0x00185C8C,36
FUN_00185c98,0x00185C98,0x00185CE4,76
FUN_00185cf0,0x00185CF0,0x00185D50,96
FUN_00185d70,0x00185D70,0x00185D98,40
FUN_00185da8,0x00185DA8,0x00185DD0,40
FUN_00185de0,0x00185DE0,0x00185E30,80
FUN_00185e60,0x00185E60,0x00185ECC,108
FUN_00185ee0,0x00185EE0,0x00185F74,148
FUN_00185f80,0x00185F80,0x00185FDC,92
FUN_00185fe8,0x00185FE8,0x001860FC,276
FUN_001861a0,0x001861A0,0x001861CC,44
FUN_001861d8,0x001861D8,0x00186204,44
FUN_00186210,0x00186210,0x00186240,48
FUN_00186250,0x00186250,0x001862A0,80
FUN_001862a8,0x001862A8,0x0018641C,372
FUN_00186438,0x00186438,0x001864B0,120
FUN_001864c8,0x001864C8,0x00186510,72
FUN_00186518,0x00186518,0x0018653C,36
FUN_00186548,0x00186548,0x00186578,48
FUN_001865b0,0x001865B0,0x001865E0,48
FUN_001865e8,0x001865E8,0x00186638,80
FUN_00186668,0x00186668,0x00186688,32
FUN_00186698,0x00186698,0x001866D0,56
FUN_00186708,0x00186708,0x00186798,144
FUN_00186e98,0x00186E98,0x00186EFC,100
FUN_00186f48,0x00186F48,0x00186FB0,104
FUN_00186fc8,0x00186FC8,0x00187034,108
FUN_00187058,0x00187058,0x0018708C,52
FUN_00187098,0x00187098,0x00187110,120
FUN_00187140,0x00187140,0x00187178,56
FUN_00187238,0x00187238,0x00187260,40
FUN_00187270,0x00187270,0x00187298,40
FUN_001872a8,0x001872A8,0x001872D8,48
FUN_001872e8,0x001872E8,0x00187318,48
FUN_00187328,0x00187328,0x00187358,48
FUN_00187368,0x00187368,0x00187398,48
FUN_001873a8,0x001873A8,0x001873DC,52
FUN_001873f0,0x001873F0,0x00187418,40
FUN_00187428,0x00187428,0x00187450,40
FUN_00187460,0x00187460,0x00187488,40
FUN_00187498,0x00187498,0x001874C0,40
FUN_001874d0,0x001874D0,0x00187504,52
FUN_00187510,0x00187510,0x00187544,52
FUN_00187570,0x00187570,0x001875A0,48
FUN_001875b0,0x001875B0,0x001875E0,48
FUN_001875f0,0x001875F0,0x00187610,32
FUN_00187620,0x00187620,0x00187648,40
FUN_00187658,0x00187658,0x00187680,40
FUN_001876a8,0x001876A8,0x001876D0,40
FUN_001876f8,0x001876F8,0x00187720,40
FUN_00187748,0x00187748,0x00187778,48
FUN_00187788,0x00187788,0x001877A8,32
FUN_001877b8,0x001877B8,0x001877EC,52
FUN_001877f8,0x001877F8,0x00187818,32
FUN_00187828,0x00187828,0x00187850,40
FUN_00187880,0x00187880,0x001878A8,40
FUN_001878b8,0x001878B8,0x001878E0,40
FUN_00187908,0x00187908,0x00187930,40
FUN_00187958,0x00187958,0x00187980,40
FUN_001879b0,0x001879B0,0x001879D8,40
FUN_001879e8,0x001879E8,0x00187A10,40
FUN_00187a20,0x00187A20,0x00187A50,48
FUN_00187a60,0x00187A60,0x00187A88,40
FUN_00187a98,0x00187A98,0x00187AC8,48
FUN_00187ad8,0x00187AD8,0x00187B00,40
FUN_00187b10,0x00187B10,0x00187B4C,60
FUN_00187b60,0x00187B60,0x00187B80,32
FUN_00187b90,0x00187B90,0x00187BB8,40
FUN_00187be8,0x00187BE8,0x00187C10,40
zz_FUN_00187C10,0x00187C10,0x00187C20,16
FUN_00187c20,0x00187C20,0x00187C48,40
zz_FUN_00187C48,0x00187C48,0x00187C58,16
FUN_00187c58,0x00187C58,0x00187C8C,52
zz_FUN_00187C8C,0x00187C8C,0x00187C98,12
FUN_00187c98,0x00187C98,0x00187CC0,40
zz_FUN_00187CC0,0x00187CC0,0x00187CD0,16
FUN_00187cd0,0x00187CD0,0x00187D08,56
zz_FUN_00187D08,0x00187D08,0x00187D18,16
FUN_00187d18,0x00187D18,0x00187D38,32
zz_FUN_00187D38,0x00187D38,0x00187D48,16
FUN_00187d48,0x00187D48,0x00187D68,32
zz_FUN_00187D68,0x00187D68,0x00187D78,16
FUN_00187d78,0x00187D78,0x00187D98,32
zz_FUN_00187D98,0x00187D98,0x00187DA8,16
FUN_00187da8,0x00187DA8,0x00187DC8,32
zz_FUN_00187DC8,0x00187DC8,0x00187DD4,12
FUN_00187dd4,0x00187DD4,0x00187DE8,20
zz_FUN_00187DE8,0x00187DE8,0x00187E78,144
FUN_00187e78,0x00187E78,0x00187E84,12
zz_FUN_00187E84,0x00187E84,0x00187F10,140
FUN_00187f10,0x00187F10,0x00187F44,52
zz_FUN_00187F44,0x00187F44,0x00187F98,84
FUN_00187f98,0x00187F98,0x00187FE8,80
zz_FUN_00187FE8,0x00187FE8,0x00188010,296
FUN_00188010,0x00188010,0x00188178,360
FUN_00188178,0x00188178,0x00188198,32
zz_FUN_00188198,0x00188198,0x001881C8,48
FUN_001881c8,0x001881C8,0x001881DC,20
FUN_001881dc,0x001881DC,0x001881F0,20
FUN_001881f0,0x001881F0,0x00188214,36
zz_FUN_00188214,0x00188214,0x0018821C,8
FUN_0018821c,0x0018821C,0x0018829C,128
FUN_00188248,0x00188248,0x001882C4,124
zz_FUN_001882C4,0x001882C4,0x001883CC,264
FUN_001883cc,0x001883CC,0x001883CD,1
FUN_001883f0,0x001883F0,0x001883F1,1
FUN_0018840c,0x0018840C,0x0018840D,1
FUN_0018846c,0x0018846C,0x00188470,4
zz_FUN_00188470,0x00188470,0x00188544,212
FUN_00188544,0x00188544,0x00188554,16
zz_FUN_00188554,0x00188554,0x00188564,16
FUN_00188564,0x00188564,0x001885A0,60
zz_FUN_001885A0,0x001885A0,0x001885B8,24
FUN_001885b8,0x001885B8,0x001885F4,60
zz_FUN_001885F4,0x001885F4,0x00188648,84
FUN_00188648,0x00188648,0x00188649,1
FUN_0018866c,0x0018866C,0x00188894,552
FUN_00188708,0x00188708,0x00188CAC,1444
FUN_001887cc,0x001887CC,0x001887F8,44
zz_FUN_001887F8,0x001887F8,0x0018885C,100
FUN_0018885c,0x0018885C,0x001888BC,96
FUN_001888bc,0x001888BC,0x00188914,88
zz_FUN_00188914,0x00188914,0x0018891C,8
FUN_0018891c,0x0018891C,0x00188994,120
FUN_00188978,0x00188978,0x00188988,16
zz_FUN_00188988,0x00188988,0x001889C8,64
FUN_001889c8,0x001889C8,0x00188A18,80
zz_FUN_00188A18,0x00188A18,0x00188AB4,156
FUN_00188ab4,0x00188AB4,0x00188AC4,16
FUN_00188acc,0x00188ACC,0x00188ADC,16
FUN_00188b18,0x00188B18,0x00188B24,12
zz_FUN_00188B24,0x00188B24,0x00188B2C,8
FUN_00188b2c,0x00188B2C,0x00188B3C,16
zz_FUN_00188B3C,0x00188B3C,0x00188B40,4
FUN_00188b40,0x00188B40,0x00188B58,24
zz_FUN_00188B58,0x00188B58,0x00188BF0,152
FUN_00188bf0,0x00188BF0,0x00188CA0,176
FUN_00188c14,0x00188C14,0x00188C15,1
FUN_00188c20,0x00188C20,0x00188C24,4
zz_FUN_00188C24,0x00188C24,0x00188D6C,328
FUN_00188d6c,0x00188D6C,0x00188D88,28
zz_FUN_00188D88,0x00188D88,0x00188D8C,4
FUN_00188d8c,0x00188D8C,0x00188D98,12
zz_FUN_00188D98,0x00188D98,0x00188DEC,84
FUN_00188dec,0x00188DEC,0x00188DFC,16
zz_FUN_00188DFC,0x00188DFC,0x00188F08,268
FUN_00188f08,0x00188F08,0x00188F74,108
zz_FUN_00188F74,0x00188F74,0x00189098,292
FUN_00189098,0x00189098,0x0018909C,4
FUN_001890a8,0x001890A8,0x00189140,152
FUN_00189158,0x00189158,0x001891BC,100
FUN_001894d0,0x001894D0,0x00189608,312
FUN_00189610,0x00189610,0x0018966C,92
FUN_001896b0,0x001896B0,0x001896F4,68
FUN_001897f0,0x001897F0,0x00189824,52
FUN_00189838,0x00189838,0x001898C0,136
FUN_00189918,0x00189918,0x00189960,72
FUN_001899a0,0x001899A0,0x00189A38,152
FUN_00189ab8,0x00189AB8,0x00189B58,160
FUN_00189d58,0x00189D58,0x00189D60,8
FUN_00189e08,0x00189E08,0x00189E2C,36
FUN_00189ec0,0x00189EC0,0x00189EE4,36
FUN_00189fc0,0x00189FC0,0x00189FE4,36
FUN_0018a468,0x0018A468,0x0018A4D0,104
FUN_0018a520,0x0018A520,0x0018A5D0,176
FUN_0018a5e0,0x0018A5E0,0x0018A66C,140
FUN_0018a770,0x0018A770,0x0018A7D4,100
FUN_0018a930,0x0018A930,0x0018A978,72
FUN_0018aa00,0x0018AA00,0x0018AA48,72
FUN_0018aa68,0x0018AA68,0x0018AAB4,76
FUN_0018aad0,0x0018AAD0,0x0018AB18,72
FUN_0018ab38,0x0018AB38,0x0018AB84,76
FUN_0018aba0,0x0018ABA0,0x0018AC6C,204
FUN_0018acc8,0x0018ACC8,0x0018AD58,144
FUN_0018aef0,0x0018AEF0,0x0018AF2C,60
FUN_0018b018,0x0018B018,0x0018B0AC,148
FUN_0018b0d8,0x0018B0D8,0x0018B1CC,244
FUN_0018b200,0x0018B200,0x0018B22C,44
FUN_0018b238,0x0018B238,0x0018B2C8,144
FUN_0018b2f8,0x0018B2F8,0x0018B3AC,180
FUN_0018b5a0,0x0018B5A0,0x0018B6EC,332
FUN_0018b718,0x0018B718,0x0018B7D0,184
FUN_0018b838,0x0018B838,0x0018B988,336
FUN_0018b9b8,0x0018B9B8,0x0018B9FC,68
FUN_0018ba28,0x0018BA28,0x0018BB40,280
FUN_0018bb78,0x0018BB78,0x0018BBD0,88
FUN_0018bd48,0x0018BD48,0x0018BDE8,160
FUN_0018be18,0x0018BE18,0x0018BF00,232
FUN_0018bf38,0x0018BF38,0x0018BFC8,144
FUN_0018bff8,0x0018BFF8,0x0018C190,408
FUN_0018c1c8,0x0018C1C8,0x0018C2F0,296
FUN_0018c328,0x0018C328,0x0018C3C8,160
FUN_0018c3f8,0x0018C3F8,0x0018C4D0,216
FUN_0018c508,0x0018C508,0x0018C540,56
FUN_0018c570,0x0018C570,0x0018C5C8,88
FUN_0018c610,0x0018C610,0x0018C6E0,208
FUN_0018c838,0x0018C838,0x0018C8B4,124
FUN_0018c920,0x0018C920,0x0018C960,64
FUN_0018c9c0,0x0018C9C0,0x0018C9F8,56
FUN_0018ca40,0x0018CA40,0x0018CA8C,76
FUN_0018ca98,0x0018CA98,0x0018CABC,36
FUN_0018cb10,0x0018CB10,0x0018CCB0,416
FUN_0018ce10,0x0018CE10,0x0018CE24,20
FUN_0018ce30,0x0018CE30,0x0018CF00,208
FUN_0018cf88,0x0018CF88,0x0018CFE4,92
FUN_0018d020,0x0018D020,0x0018D0B8,152
FUN_0018d0c0,0x0018D0C0,0x0018D124,100
FUN_0018d130,0x0018D130,0x0018D200,208
FUN_0018d338,0x0018D338,0x0018D434,252
FUN_0018d620,0x0018D620,0x0018D66C,76
FUN_0018d838,0x0018D838,0x0018D908,208
FUN_0018da58,0x0018DA58,0x0018DA80,40
FUN_0018db28,0x0018DB28,0x0018DB44,28
FUN_0018db50,0x0018DB50,0x0018DC0C,188
FUN_0018dc20,0x0018DC20,0x0018DE50,560
FUN_0018de58,0x0018DE58,0x0018DEB0,88
FUN_0018df58,0x0018DF58,0x0018DF70,24
FUN_0018e020,0x0018E020,0x0018E13C,284
FUN_0018e1d8,0x0018E1D8,0x0018E200,40
FUN_0018e490,0x0018E490,0x0018E568,216
FUN_0018e600,0x0018E600,0x0018E65C,92
FUN_0018e7c8,0x0018E7C8,0x0018E7D8,16
FUN_0018e878,0x0018E878,0x0018E879,1
FUN_0018e8c0,0x0018E8C0,0x0018E900,64
FUN_0018e908,0x0018E908,0x0018E944,60
FUN_0018e960,0x0018E960,0x0018E9D4,116
FUN_0018e9e0,0x0018E9E0,0x0018E9E4,4
FUN_0018ea70,0x0018EA70,0x0018EA9C,44
FUN_0018eab8,0x0018EAB8,0x0018EB28,112
FUN_0018eb30,0x0018EB30,0x0018EB84,84
FUN_0018eba8,0x0018EBA8,0x0018EBE4,60
FUN_0018ebf0,0x0018EBF0,0x0018EBF8,8
FUN_0018ec48,0x0018EC48,0x0018EC54,12
FUN_0018ed40,0x0018ED40,0x0018EE04,196
FUN_0018ee10,0x0018EE10,0x0018EE1C,12
FUN_0018ee28,0x0018EE28,0x0018EE2C,4
FUN_0018ee48,0x0018EE48,0x0018EE54,12
FUN_0018eed0,0x0018EED0,0x0018EEEC,28
FUN_0018eef8,0x0018EEF8,0x0018EF14,28
FUN_0018ef20,0x0018EF20,0x0018EFB8,152
FUN_0018f1b0,0x0018F1B0,0x0018F20C,92
FUN_0018f470,0x0018F470,0x0018F50C,156
FUN_0018f890,0x0018F890,0x0018F948,184
FUN_0018f950,0x0018F950,0x0018F994,68
FUN_0018fba0,0x0018FBA0,0x0018FBE0,64
FUN_00190298,0x00190298,0x001903B4,284
FUN_00190668,0x00190668,0x00190CDC,1652
FUN_00190d10,0x00190D10,0x001928D8,7112
FUN_00192ab8,0x00192AB8,0x00192C1C,356
FUN_00192e98,0x00192E98,0x00192EB0,24
FUN_00193090,0x00193090,0x001930A0,16
FUN_00193140,0x00193140,0x0019319C,92
FUN_00193208,0x00193208,0x00193254,76
FUN_00193260,0x00193260,0x00193298,56
FUN_00193428,0x00193428,0x00193480,88
FUN_00193b30,0x00193B30,0x00193B74,68
FUN_00193d80,0x00193D80,0x00193E00,128
FUN_00194208,0x00194208,0x00194218,16
FUN_00194428,0x00194428,0x00194468,64
FUN_00194668,0x00194668,0x001946DC,116
FUN_00194998,0x00194998,0x00194A0C,116
FUN_00194dc0,0x00194DC0,0x00194E24,100
FUN_00194f60,0x00194F60,0x00194FFC,156
FUN_001954b8,0x001954B8,0x00195514,92
FUN_00195630,0x00195630,0x00195680,80
FUN_00195798,0x00195798,0x001957D8,64
FUN_00195918,0x00195918,0x001959BC,164
FUN_00195a00,0x00195A00,0x00195A50,80
FUN_00195a90,0x00195A90,0x00195AE8,88
FUN_00195b28,0x00195B28,0x00195B54,44
FUN_00195dd8,0x00195DD8,0x00195E68,144
FUN_00196c48,0x00196C48,0x00196C64,28
FUN_00196ce8,0x00196CE8,0x00196DB0,200
FUN_00196e88,0x00196E88,0x00196EB8,48
FUN_001971a0,0x001971A0,0x001971C4,36
FUN_00197450,0x00197450,0x00197480,48
FUN_001974f0,0x001974F0,0x0019750C,28
FUN_00197638,0x00197638,0x00197688,80
FUN_00197778,0x00197778,0x00197790,24
FUN_00197a88,0x00197A88,0x00197BE4,348
FUN_00197c58,0x00197C58,0x00197C84,44
thunk_FUN_00195a90,0x00197C90,0x00197C98,8
FUN_00197c98,0x00197C98,0x00197D50,184
FUN_00197df0,0x00197DF0,0x00197DF8,8
FUN_00197df8,0x00197DF8,0x00197E40,72
FUN_00197e48,0x00197E48,0x00197E60,24
FUN_00197ed8,0x00197ED8,0x00197EF0,24
FUN_00197f70,0x00197F70,0x00197F98,40
FUN_00198068,0x00198068,0x0019807C,20
FUN_001980e0,0x001980E0,0x001980F4,20
FUN_00198158,0x00198158,0x00198234,220
FUN_00198240,0x00198240,0x00198388,328
FUN_00198390,0x00198390,0x001983F0,96
FUN_001983f8,0x001983F8,0x0019840C,20
FUN_00198470,0x00198470,0x001984F4,132
FUN_001986a8,0x001986A8,0x001986F4,76
FUN_00198700,0x00198700,0x00198798,152
FUN_0019879c,0x0019879C,0x001987B0,20
FUN_001987b0,0x001987B0,0x001987C8,24
FUN_00198830,0x00198830,0x00198910,224
FUN_00198940,0x00198940,0x001989B0,112
FUN_001989d0,0x001989D0,0x001989DC,12
FUN_00198c08,0x00198C08,0x00198C50,72
FUN_00198c60,0x00198C60,0x00198CB4,84
FUN_00198cc8,0x00198CC8,0x00198D34,108
FUN_00198ec0,0x00198EC0,0x00198FC0,256
FUN_00199020,0x00199020,0x00199048,40
FUN_00199138,0x00199138,0x0019917C,68
FUN_00199188,0x00199188,0x00199234,172
FUN_00199240,0x00199240,0x001992BC,124
FUN_001992d0,0x001992D0,0x00199334,100
FUN_00199368,0x00199368,0x00199394,44
FUN_001993a0,0x001993A0,0x001993C0,32
FUN_001993d0,0x001993D0,0x00199408,56
FUN_00199410,0x00199410,0x00199494,132
FUN_00199540,0x00199540,0x0019956C,44
FUN_001995e0,0x001995E0,0x001995EC,12
FUN_00199820,0x00199820,0x00199868,72
FUN_00199878,0x00199878,0x001998CC,84
FUN_001998e0,0x001998E0,0x00199968,136
FUN_00199b88,0x00199B88,0x00199C8C,260
FUN_00199cf0,0x00199CF0,0x00199D18,40
FUN_00199e08,0x00199E08,0x00199E4C,68
FUN_00199e58,0x00199E58,0x00199F04,172
FUN_00199f10,0x00199F10,0x00199F94,132
FUN_00199fa8,0x00199FA8,0x0019A00C,100
FUN_0019a048,0x0019A048,0x0019A074,44
FUN_0019a080,0x0019A080,0x0019A0A0,32
FUN_0019a0b0,0x0019A0B0,0x0019A0F4,68
FUN_0019a104,0x0019A104,0x0019A144,64
FUN_0019a1b0,0x0019A1B0,0x0019A248,152
FUN_0019a248,0x0019A248,0x0019A260,24
FUN_0019a260,0x0019A260,0x0019A268,8
FUN_0019a268,0x0019A268,0x0019A30C,164
FUN_0019a398,0x0019A398,0x0019A3A0,8
FUN_0019a4e4,0x0019A4E4,0x0019A54C,104
FUN_0019a5fc,0x0019A5FC,0x0019A670,116
FUN_0019a740,0x0019A740,0x0019A7A4,100
FUN_0019a908,0x0019A908,0x0019A94C,68
FUN_0019a958,0x0019A958,0x0019A9AC,84
FUN_0019a9b8,0x0019A9B8,0x0019AA1C,100
FUN_0019aa30,0x0019AA30,0x0019AA9C,108
FUN_0019aab0,0x0019AAB0,0x0019AAF0,64
FUN_0019ab08,0x0019AB08,0x0019AB50,72
FUN_0019ab78,0x0019AB78,0x0019AB98,32
FUN_0019ac88,0x0019AC88,0x0019ACB4,44
FUN_0019ad28,0x0019AD28,0x0019AD30,8
FUN_0019b2b8,0x0019B2B8,0x0019B2D8,32
FUN_0019b2e0,0x0019B2E0,0x0019B304,36
FUN_0019b3e8,0x0019B3E8,0x0019B424,60
FUN_0019b4b8,0x0019B4B8,0x0019B4E4,44
FUN_0019c6b0,0x0019C6B0,0x0019C6D4,36
FUN_0019c7b8,0x0019C7B8,0x0019C7E0,40
FUN_0019c7e8,0x0019C7E8,0x0019C7F8,16
FUN_0019d6f0,0x0019D6F0,0x0019D6FC,12
FUN_0019d920,0x0019D920,0x0019D94C,44
FUN_0019d958,0x0019D958,0x0019D978,32
FUN_0019db28,0x0019DB28,0x0019DB2C,4
FUN_0019db68,0x0019DB68,0x0019DB84,28
FUN_0019dc80,0x0019DC80,0x0019DC94,20
FUN_0019de70,0x0019DE70,0x0019DE74,4
FUN_0019e2b8,0x0019E2B8,0x0019E2C0,8
FUN_0019e8e8,0x0019E8E8,0x0019E8EC,4
FUN_0019eaa8,0x0019EAA8,0x0019EAB0,8
FUN_0019ee40,0x0019EE40,0x0019EE48,8
FUN_0019ee60,0x0019EE60,0x0019EE68,8
FUN_0019eed0,0x0019EED0,0x0019EED8,8
FUN_0019ef00,0x0019EF00,0x0019EF10,16
FUN_0019ef10,0x0019EF10,0x0019EF18,8
FUN_0019ef18,0x0019EF18,0x0019EF20,8
FUN_0019ef20,0x0019EF20,0x0019EF28,8
FUN_0019ef30,0x0019EF30,0x0019EF38,8
zz_FUN_0019EF38,0x0019EF38,0x0019EF50,24
FUN_0019ef50,0x0019EF50,0x0019EF58,8
zz_FUN_0019EF58,0x0019EF58,0x0019EF60,8
FUN_0019ef60,0x0019EF60,0x0019EF68,8
FUN_0019ef68,0x0019EF68,0x0019EFD0,104
FUN_0019ef70,0x0019EF70,0x0019EF78,8
zz_FUN_0019EF78,0x0019EF78,0x0019EF80,8
FUN_0019ef80,0x0019EF80,0x0019EF88,8
zz_FUN_0019EF88,0x0019EF88,0x0019EF90,8
FUN_0019ef90,0x0019EF90,0x0019EF98,8
zz_FUN_0019EF98,0x0019EF98,0x0019EFC0,40
FUN_0019efc0,0x0019EFC0,0x0019EFC8,8
zz_FUN_0019EFC8,0x0019EFC8,0x0019EFD0,8
FUN_0019efd0,0x0019EFD0,0x0019EFD8,8
zz_FUN_0019EFD8,0x0019EFD8,0x0019EFE0,8
FUN_0019efe0,0x0019EFE0,0x0019EFE8,8
zz_FUN_0019EFE8,0x0019EFE8,0x0019EFF0,8
FUN_0019eff0,0x0019EFF0,0x0019EFF8,8
FUN_0019f020,0x0019F020,0x0019F060,64
FUN_0019f060,0x0019F060,0x0019F068,8
FUN_0019f070,0x0019F070,0x0019F078,8
zz_FUN_0019F078,0x0019F078,0x0019F0D0,88
FUN_0019f0d0,0x0019F0D0,0x0019F0D8,8
FUN_0019f110,0x0019F110,0x0019F120,16
FUN_0019f120,0x0019F120,0x0019F128,8
FUN_0019f140,0x0019F140,0x0019F148,8
FUN_0019f150,0x0019F150,0x0019F158,8
FUN_0019f160,0x0019F160,0x0019F168,8
FUN_0019f170,0x0019F170,0x0019F178,8
FUN_0019f190,0x0019F190,0x0019F198,8
FUN_0019f1a0,0x0019F1A0,0x0019F1A8,8
FUN_0019f200,0x0019F200,0x0019F208,8
FUN_0019f220,0x0019F220,0x0019F228,8
FUN_0019f228,0x0019F228,0x0019F230,8
FUN_0019f230,0x0019F230,0x0019F238,8
FUN_0019f238,0x0019F238,0x0019F240,8
FUN_0019f240,0x0019F240,0x0019F248,8
FUN_0019f250,0x0019F250,0x0019F258,8
FUN_0019f260,0x0019F260,0x0019F268,8
FUN_0019f270,0x0019F270,0x0019F278,8
FUN_0019f2c0,0x0019F2C0,0x0019F2C8,8
FUN_0019f2c8,0x0019F2C8,0x0019F2D0,8
FUN_0019f2d0,0x0019F2D0,0x0019F2D8,8
FUN_0019f2d8,0x0019F2D8,0x0019F4A0,456
FUN_0019f4a0,0x0019F4A0,0x0019F4A8,8
FUN_0019f4a8,0x0019F4A8,0x0019F4F0,72
FUN_0019f4f0,0x0019F4F0,0x0019F4F8,8
FUN_0019f540,0x0019F540,0x0019F548,8
FUN_0019f560,0x0019F560,0x0019F568,8
FUN_0019f590,0x0019F590,0x0019F598,8
FUN_0019f5c0,0x0019F5C0,0x0019F5C8,8
FUN_0019f5e0,0x0019F5E0,0x0019F5E8,8
zz_FUN_0019F5E8,0x0019F5E8,0x0019F5F0,8
FUN_0019f5f0,0x0019F5F0,0x0019F5F8,8
zz_FUN_0019F5F8,0x0019F5F8,0x0019F600,8
FUN_0019f600,0x0019F600,0x0019F608,8
zz_FUN_0019F608,0x0019F608,0x0019F620,24
FUN_0019f620,0x0019F620,0x0019F628,8
zz_FUN_0019F628,0x0019F628,0x0019F630,8
FUN_0019f630,0x0019F630,0x0019F638,8
zz_FUN_0019F638,0x0019F638,0x0019F640,8
FUN_0019f640,0x0019F640,0x0019F648,8
zz_FUN_0019F648,0x0019F648,0x0019F650,8
FUN_0019f650,0x0019F650,0x0019F658,8
zz_FUN_0019F658,0x0019F658,0x0019F680,40
FUN_0019f680,0x0019F680,0x0019F688,8
zz_FUN_0019F688,0x0019F688,0x0019F690,8
FUN_0019f690,0x0019F690,0x0019F698,8
zz_FUN_0019F698,0x0019F698,0x0019F6A0,8
FUN_0019f6a0,0x0019F6A0,0x0019F6A4,4
zz_FUN_0019F6A4,0x0019F6A4,0x0019F6B0,12
FUN_0019f6b0,0x0019F6B0,0x0019F6C0,16
FUN_0019f740,0x0019F740,0x0019F760,32
FUN_0019f7e8,0x0019F7E8,0x0019F85C,116
FUN_0019f868,0x0019F868,0x0019F8D4,108
FUN_0019f8e0,0x0019F8E0,0x0019F8F0,16
FUN_0019f920,0x0019F920,0x0019F980,96
FUN_0019f9f8,0x0019F9F8,0x0019FA18,32
FUN_0019fa20,0x0019FA20,0x0019FA30,16
FUN_0019fa48,0x0019FA48,0x0019FA58,16
FUN_0019fa70,0x0019FA70,0x0019FA84,20
FUN_0019fb18,0x0019FB18,0x0019FB8C,116
FUN_0019fbb0,0x0019FBB0,0x0019FBC4,20
FUN_0019fc58,0x0019FC58,0x0019FCCC,116
FUN_0019fcf0,0x0019FCF0,0x0019FCF8,8
FUN_0019fd00,0x0019FD00,0x0019FD5C,92
FUN_0019fd68,0x0019FD68,0x0019FDC4,92
FUN_0019fdc4,0x0019FDC4,0x0019FDD0,12
FUN_0019fdd0,0x0019FDD0,0x0019FE2C,92
FUN_0019fe38,0x0019FE38,0x0019FE94,92
zz_FUN_0019FE94,0x0019FE94,0x0019FEA0,12
FUN_0019fea0,0x0019FEA0,0x0019FEB8,24
zz_FUN_0019FEB8,0x0019FEB8,0x0019FEC0,8
FUN_0019fec0,0x0019FEC0,0x0019FED8,24
zz_FUN_0019FED8,0x0019FED8,0x0019FEE0,8
FUN_0019fee0,0x0019FEE0,0x0019FEF8,24
zz_FUN_0019FEF8,0x0019FEF8,0x0019FF00,8
FUN_0019ff00,0x0019FF00,0x0019FF18,24
zz_FUN_0019FF18,0x0019FF18,0x0019FF20,8
FUN_0019ff20,0x0019FF20,0x0019FFF8,216
FUN_0019fff8,0x0019FFF8,0x001A0054,92
FUN_001a0054,0x001A0054,0x001A00E8,148
FUN_001a00e8,0x001A00E8,0x001A0170,136
zz_FUN_001A0170,0x001A0170,0x001A0180,16
FUN_001a0180,0x001A0180,0x001A01F0,112
zz_FUN_001A01F0,0x001A01F0,0x001A0200,16
FUN_001a0200,0x001A0200,0x001A028C,140
zz_FUN_001A028C,0x001A028C,0x001A0298,12
FUN_001a0298,0x001A0298,0x001A02B8,32
FUN_001a0360,0x001A0360,0x001A03A0,64
FUN_001a04d8,0x001A04D8,0x001A04E8,16
FUN_001a0500,0x001A0500,0x001A051C,28
FUN_001a0568,0x001A0568,0x001A059C,52
FUN_001a05a8,0x001A05A8,0x001A0638,144
FUN_001a0740,0x001A0740,0x001A07B0,112
FUN_001a08b8,0x001A08B8,0x001A0980,200
FUN_001a0988,0x001A0988,0x001A0A3C,180
FUN_001a0a48,0x001A0A48,0x001A0A78,48
FUN_001a0a80,0x001A0A80,0x001A0B28,168
FUN_001a0b30,0x001A0B30,0x001A0B64,52
FUN_001a0b68,0x001A0B68,0x001A0BCC,100
FUN_001a0bf8,0x001A0BF8,0x001A0DC4,460
FUN_001a0dd0,0x001A0DD0,0x001A0F48,376
FUN_001a1b40,0x001A1B40,0x001A1B60,32
FUN_001a1b68,0x001A1B68,0x001A1B88,32
FUN_001a1b90,0x001A1B90,0x001A1BBC,44
FUN_001a1be0,0x001A1BE0,0x001A1C0C,44
FUN_001a1c18,0x001A1C18,0x001A1C54,60
FUN_001a1c60,0x001A1C60,0x001A1C84,36
FUN_001a1cd0,0x001A1CD0,0x001A1D08,56
FUN_001a1d50,0x001A1D50,0x001A1D88,56
FUN_001a1dd0,0x001A1DD0,0x001A1DF0,32
FUN_001a1df0,0x001A1DF0,0x001A1E00,16
FUN_001a1e00,0x001A1E00,0x001A1E48,72
FUN_001a1e48,0x001A1E48,0x001A1E68,32
zz_FUN_001A1E68,0x001A1E68,0x001A20C8,608
FUN_001a20c8,0x001A20C8,0x001A20F4,44
zz_FUN_001A20F4,0x001A20F4,0x001A2130,60
FUN_001a2130,0x001A2130,0x001A21A0,112
zz_FUN_001A21A0,0x001A21A0,0x001A21A8,8
FUN_001a21a8,0x001A21A8,0x001A21E4,60
zz_FUN_001A21E4,0x001A21E4,0x001A21F8,20
FUN_001a21f8,0x001A21F8,0x001A2324,300
zz_FUN_001A2324,0x001A2324,0x001A2330,12
FUN_001a2330,0x001A2330,0x001A2364,52
zz_FUN_001A2364,0x001A2364,0x001A2370,12
FUN_001a2370,0x001A2370,0x001A23A4,52
FUN_001a23b0,0x001A23B0,0x001A24F8,328
FUN_001a24f8,0x001A24F8,0x001A253C,68
zz_FUN_001A253C,0x001A253C,0x001A25A8,108
FUN_001a25a8,0x001A25A8,0x001A272C,388
FUN_001a2748,0x001A2748,0x001A2764,28
zz_FUN_001A2764,0x001A2764,0x001A2770,12
FUN_001a2770,0x001A2770,0x001A2788,24
zz_FUN_001A2788,0x001A2788,0x001A2818,144
FUN_001a2818,0x001A2818,0x001A282C,20
zz_FUN_001A282C,0x001A282C,0x001A2838,12
FUN_001a2838,0x001A2838,0x001A2840,8
zz_FUN_001A2840,0x001A2840,0x001A2868,40
FUN_001a2868,0x001A2868,0x001A288C,36
zz_FUN_001A288C,0x001A288C,0x001A28A8,28
FUN_001a28a8,0x001A28A8,0x001A2928,128
FUN_001a2978,0x001A2978,0x001A29A8,48
FUN_001a29b8,0x001A29B8,0x001A2A80,200
FUN_001a2a88,0x001A2A88,0x001A2B70,232
FUN_001a2bf0,0x001A2BF0,0x001A2C00,16
FUN_001a2c40,0x001A2C40,0x001A2C70,48
FUN_001a2c80,0x001A2C80,0x001A2CD0,80
FUN_001a2d50,0x001A2D50,0x001A2E20,208
FUN_001a2f30,0x001A2F30,0x001A30B4,388
FUN_001a3130,0x001A3130,0x001A315C,44
FUN_001a3170,0x001A3170,0x001A318C,28
FUN_001a32d8,0x001A32D8,0x001A32F8,32
FUN_001a3370,0x001A3370,0x001A3388,24
FUN_001a3400,0x001A3400,0x001A3418,24
FUN_001a3458,0x001A3458,0x001A3494,60
FUN_001a3620,0x001A3620,0x001A365C,60
FUN_001a3660,0x001A3660,0x001A36A4,68
FUN_001a36d0,0x001A36D0,0x001A3724,84
FUN_001a3750,0x001A3750,0x001A3798,72
FUN_001a37d8,0x001A37D8,0x001A3858,128
FUN_001a38c8,0x001A38C8,0x001A3914,76
FUN_001a3938,0x001A3938,0x001A397C,68
FUN_001a3cf0,0x001A3CF0,0x001A3D34,68
FUN_001a3d48,0x001A3D48,0x001A3D6C,36
FUN_001a3d78,0x001A3D78,0x001A3D84,12
FUN_001a3e28,0x001A3E28,0x001A3E58,48
FUN_001a3e70,0x001A3E70,0x001A3EA8,56
FUN_001a4078,0x001A4078,0x001A40FC,132
FUN_001a4108,0x001A4108,0x001A4134,44
FUN_001a4140,0x001A4140,0x001A4164,36
FUN_001a4280,0x001A4280,0x001A429C,28
FUN_001a4370,0x001A4370,0x001A43CC,92
FUN_001a4600,0x001A4600,0x001A4634,52
FUN_001a4778,0x001A4778,0x001A47BC,68
FUN_001a49b8,0x001A49B8,0x001A4A04,76
FUN_001a4c28,0x001A4C28,0x001A4C74,76
FUN_001a4ee8,0x001A4EE8,0x001A4F34,76
FUN_001a5270,0x001A5270,0x001A52C4,84
FUN_001a5458,0x001A5458,0x001A5498,64
FUN_001a5608,0x001A5608,0x001A5618,16
FUN_001a5628,0x001A5628,0x001A5668,64
FUN_001a57e0,0x001A57E0,0x001A57F0,16
FUN_001a5800,0x001A5800,0x001A5848,72
FUN_001a5a80,0x001A5A80,0x001A5AAC,44
FUN_001a5bb0,0x001A5BB0,0x001A5BC0,16
FUN_001a5bd0,0x001A5BD0,0x001A5BF0,32
FUN_001a5c98,0x001A5C98,0x001A5CCC,52
FUN_001a5e00,0x001A5E00,0x001A5E34,52
FUN_001a5f58,0x001A5F58,0x001A5F98,64
FUN_001a6110,0x001A6110,0x001A6158,72
FUN_001a6360,0x001A6360,0x001A639C,60
FUN_001a6568,0x001A6568,0x001A6578,16
FUN_001a6588,0x001A6588,0x001A65C4,60
FUN_001a6738,0x001A6738,0x001A6788,80
FUN_001a69b8,0x001A69B8,0x001A69C8,16
FUN_001a69d8,0x001A69D8,0x001A6A1C,68
FUN_001a6c18,0x001A6C18,0x001A6C64,76
FUN_001a6ec0,0x001A6EC0,0x001A6EFC,60
FUN_001a70b8,0x001A70B8,0x001A7100,72
FUN_001a7298,0x001A7298,0x001A72C8,48
FUN_001a7320,0x001A7320,0x001A7380,96
FUN_001a7390,0x001A7390,0x001A73FC,108
FUN_001a7410,0x001A7410,0x001A7474,100
FUN_001a7488,0x001A7488,0x001A749C,20
FUN_001a74a8,0x001A74A8,0x001A752C,132
FUN_001a7598,0x001A7598,0x001A75F0,88
FUN_001a7608,0x001A7608,0x001A7660,88
FUN_001a7678,0x001A7678,0x001A76D0,88
FUN_001a76e8,0x001A76E8,0x001A774C,100
FUN_001a7768,0x001A7768,0x001A77CC,100
FUN_001a77e8,0x001A77E8,0x001A7838,80
FUN_001a78e8,0x001A78E8,0x001A796C,132
FUN_001a7978,0x001A7978,0x001A79A8,48
FUN_001a79b0,0x001A79B0,0x001A7A18,104
FUN_001a7bb8,0x001A7BB8,0x001A7C20,104
FUN_001a7dc0,0x001A7DC0,0x001A7DF4,52
FUN_001a7e50,0x001A7E50,0x001A7E7C,44
FUN_001a7ef0,0x001A7EF0,0x001A7F24,52
FUN_001a7f80,0x001A7F80,0x001A7F94,20
FUN_001a7fa0,0x001A7FA0,0x001A7FB4,20
FUN_001a7fc0,0x001A7FC0,0x001A8024,100
FUN_001a81e8,0x001A81E8,0x001A8200,24
FUN_001a8208,0x001A8208,0x001A821C,20
FUN_001a8228,0x001A8228,0x001A8280,88
FUN_001a8330,0x001A8330,0x001A8344,20
FUN_001a8378,0x001A8378,0x001A8410,152
FUN_001a8468,0x001A8468,0x001A850C,164
FUN_001a8548,0x001A8548,0x001A868C,324
FUN_001a86a0,0x001A86A0,0x001A86C0,32
FUN_001a86c8,0x001A86C8,0x001A8710,72
FUN_001a8718,0x001A8718,0x001A87E8,208
FUN_001a8828,0x001A8828,0x001A8844,28
FUN_001a8844,0x001A8844,0x001A8878,52
FUN_001a8878,0x001A8878,0x001A8884,12
FUN_001a8884,0x001A8884,0x001A8890,12
FUN_001a8890,0x001A8890,0x001A88CC,60
FUN_001a88cc,0x001A88CC,0x001A8900,52
FUN_001a8900,0x001A8900,0x001A8908,8
FUN_001a8910,0x001A8910,0x001A8948,56
FUN_001a8948,0x001A8948,0x001A8988,64
FUN_001a8988,0x001A8988,0x001A8990,8
FUN_001a8990,0x001A8990,0x001A8998,8
FUN_001a8998,0x001A8998,0x001A89C4,44
FUN_001a89d0,0x001A89D0,0x001A8AC4,244
FUN_001a8ac4,0x001A8AC4,0x001A8AD0,12
FUN_001a8ad0,0x001A8AD0,0x001A8AD8,8
FUN_001a8ad8,0x001A8AD8,0x001A8AE0,8
FUN_001a8ae0,0x001A8AE0,0x001A8B34,84
FUN_001a8b38,0x001A8B38,0x001A8B40,8
FUN_001a8b48,0x001A8B48,0x001A8B50,8
FUN_001a8b90,0x001A8B90,0x001A8B98,8
FUN_001a8ba0,0x001A8BA0,0x001A8C00,96
FUN_001a8c00,0x001A8C00,0x001A8C08,8
FUN_001a8c08,0x001A8C08,0x001A8CA4,156
FUN_001a8ca4,0x001A8CA4,0x001A8CF8,84
FUN_001a8cf8,0x001A8CF8,0x001A8D00,8
FUN_001a8d08,0x001A8D08,0x001A8D68,96
thunk_FUN_001aaf68,0x001A8E20,0x001A8E28,8
FUN_001a8e98,0x001A8E98,0x001A8EE0,72
FUN_001a8ee0,0x001A8EE0,0x001A8F08,40
FUN_001a8f08,0x001A8F08,0x001A8F54,76
FUN_001a8f58,0x001A8F58,0x001A8F60,8
FUN_001a8f60,0x001A8F60,0x001A8F68,8
FUN_001a8f68,0x001A8F68,0x001A8F70,8
FUN_001a8f70,0x001A8F70,0x001A8FB0,64
FUN_001a8fb0,0x001A8FB0,0x001A8FB8,8
FUN_001a8fb8,0x001A8FB8,0x001A8FC0,8
FUN_001a8fc0,0x001A8FC0,0x001A9080,192
FUN_001a9080,0x001A9080,0x001A9098,24
FUN_001a9098,0x001A9098,0x001A90DC,68
FUN_001a90dc,0x001A90DC,0x001A9208,300
FUN_001a9118,0x001A9118,0x001A9128,16
FUN_001a9138,0x001A9138,0x001A9204,204
FUN_001a9208,0x001A9208,0x001A9290,136
FUN_001a9290,0x001A9290,0x001A92F4,100
FUN_001a9378,0x001A9378,0x001A938C,20
FUN_001a938c,0x001A938C,0x001A9408,124
FUN_001a9408,0x001A9408,0x001A941C,20
FUN_001a9488,0x001A9488,0x001A94D0,72
zz_FUN_001A9618,0x001A9618,0x001A96A0,136
FUN_001a96a0,0x001A96A0,0x001A96BC,28
zz_FUN_001A96BC,0x001A96BC,0x001A96D8,28
FUN_001a96d8,0x001A96D8,0x001A9938,608
zz_FUN_001A9938,0x001A9938,0x001A99D0,152
FUN_001a99d0,0x001A99D0,0x001A99E4,20
zz_FUN_001A99E4,0x001A99E4,0x001A9A50,108
FUN_001a9a50,0x001A9A50,0x001A9AB0,96
zz_FUN_001A9AB0,0x001A9AB0,0x001A9AC0,16
FUN_001a9ac0,0x001A9AC0,0x001A9AD8,24
zz_FUN_001A9AD8,0x001A9AD8,0x001A9B08,48
FUN_001a9b08,0x001A9B08,0x001A9B44,60
zz_FUN_001A9B44,0x001A9B44,0x001A9BA8,100
FUN_001a9ba8,0x001A9BA8,0x001A9BC0,24
zz_FUN_001A9BC0,0x001A9BC0,0x001A9C48,136
FUN_001a9c48,0x001A9C48,0x001A9C68,32
zz_FUN_001A9C68,0x001A9C68,0x001A9CA8,64
FUN_001a9ca8,0x001A9CA8,0x001A9CE4,60
zz_FUN_001A9CE4,0x001A9CE4,0x001A9D58,116
FUN_001a9d58,0x001A9D58,0x001A9D70,24
zz_FUN_001A9D70,0x001A9D70,0x001A9DA8,56
FUN_001a9da8,0x001A9DA8,0x001A9DE4,60
zz_FUN_001A9DE4,0x001A9DE4,0x001A9E70,140
FUN_001a9e70,0x001A9E70,0x001A9E88,24
zz_FUN_001A9E88,0x001A9E88,0x001A9EC0,56
FUN_001a9ec0,0x001A9EC0,0x001A9EEC,44
zz_FUN_001A9EEC,0x001A9EEC,0x001A9FD8,236
FUN_001a9fd8,0x001A9FD8,0x001A9FF0,24
zz_FUN_001A9FF0,0x001A9FF0,0x001AA028,56
FUN_001aa028,0x001AA028,0x001AA060,56
FUN_001aa098,0x001AA098,0x001AA0B0,24
FUN_001aa0e8,0x001AA0E8,0x001AA140,88
FUN_001aa1e0,0x001AA1E0,0x001AA210,48
FUN_001aa260,0x001AA260,0x001AA290,48
FUN_001aa308,0x001AA308,0x001AA370,104
FUN_001aa378,0x001AA378,0x001AA3C4,76
FUN_001aa408,0x001AA408,0x001AA44C,68
FUN_001aa44c,0x001AA44C,0x001AA458,12
FUN_001aa458,0x001AA458,0x001AA4AC,84
FUN_001aa4b8,0x001AA4B8,0x001AA520,104
FUN_001aa5e8,0x001AA5E8,0x001AA678,144
FUN_001aa6d8,0x001AA6D8,0x001AA6FC,36
FUN_001aa780,0x001AA780,0x001AA7F0,112
FUN_001aa7f8,0x001AA7F8,0x001AA81C,36
FUN_001aa8a0,0x001AA8A0,0x001AA928,136
FUN_001aa9b0,0x001AA9B0,0x001AAA20,112
FUN_001aaa58,0x001AAA58,0x001AAA90,56
FUN_001aaaa0,0x001AAAA0,0x001AAAB8,24
zz_FUN_001aaac8,0x001AAAC8,0x001AAAF8,48
FUN_001aaaf8,0x001AAAF8,0x001AAB10,24
FUN_001aab20,0x001AAB20,0x001AAB44,36
FUN_001aab50,0x001AAB50,0x001AAB68,24
FUN_001aab78,0x001AAB78,0x001AABA0,40
FUN_001aabb0,0x001AABB0,0x001AABD8,40
FUN_001aac18,0x001AAC18,0x001AAC30,24
zz_FUN_001AAC30,0x001AAC30,0x001AAC40,16
FUN_001aac40,0x001AAC40,0x001AAC58,24
zz_FUN_001AAC58,0x001AAC58,0x001AAC68,16
FUN_001aac68,0x001AAC68,0x001AAC80,24
zz_FUN_001AAC80,0x001AAC80,0x001AAC90,16
FUN_001aac90,0x001AAC90,0x001AACE8,88
zz_FUN_001AACE8,0x001AACE8,0x001AAD78,144
FUN_001aad78,0x001AAD78,0x001AAD80,8
FUN_001aad80,0x001AAD80,0x001AADC0,64
FUN_001aadc0,0x001AADC0,0x001AADC8,8
FUN_001aadc8,0x001AADC8,0x001AADD0,8
FUN_001aadd0,0x001AADD0,0x001AADD8,8
FUN_001aadd8,0x001AADD8,0x001AADE0,8
FUN_001aade0,0x001AADE0,0x001AAE74,148
FUN_001aae74,0x001AAE74,0x001AAEC8,84
FUN_001aaec8,0x001AAEC8,0x001AAED0,8
zz_FUN_001AAED0,0x001AAED0,0x001AAED8,8
FUN_001aaed8,0x001AAED8,0x001AAF00,40
zz_FUN_001AAF00,0x001AAF00,0x001AAF68,104
FUN_001aaf68,0x001AAF68,0x001AAFA0,56
zz_FUN_001AAFA0,0x001AAFA0,0x001AAFA8,8
FUN_001aafa8,0x001AAFA8,0x001AB158,432
zz_FUN_001AB158,0x001AB158,0x001ABC10,2744
FUN_001abc10,0x001ABC10,0x001ABCF4,228
FUN_001abd00,0x001ABD00,0x001ABDEC,236
FUN_001abdf8,0x001ABDF8,0x001ABE88,144
FUN_001abe90,0x001ABE90,0x001ABF2C,156
FUN_001abf70,0x001ABF70,0x001AC5D8,1640
FUN_001ac5d8,0x001AC5D8,0x001AC774,412
FUN_001acba8,0x001ACBA8,0x001ACDB4,524
FUN_001ad0e8,0x001AD0E8,0x001AD0EC,4
FUN_001ad0f8,0x001AD0F8,0x001AD148,80
FUN_0049b6c0,0x0049B6C0,0x0049B778,184
FUN_0049b8a0,0x0049B8A0,0x0049B968,200
FUN_0049b970,0x0049B970,0x0049BA04,148
FUN_0049bcf8,0x0049BCF8,0x0049BDF4,252
FUN_0049be00,0x0049BE00,0x0049BF34,308
FUN_0049bf40,0x0049BF40,0x0049BF90,80
FUN_0049c0e0,0x0049C0E0,0x0049C0F8,24
FUN_0049c128,0x0049C128,0x0049C2D8,432
FUN_0049c618,0x0049C618,0x0049C740,296
FUN_01038140,0x01038140,0x01038144,4
FUN_01038380,0x01038380,0x010383F0,112
FUN_010383f0,0x010383F0,0x010383F4,4
FUN_010384a8,0x010384A8,0x010384B4,12
FUN_010385e8,0x010385E8,0x01038648,96
FUN_01038658,0x01038658,0x0103867C,36
FUN_01038688,0x01038688,0x010386B0,40
zz_FUN_01038868,0x01038868,0x010388E8,0x80
FUN_012b4c1c,0x012B4C1C,0x012B4C2C,16
FUN_012b4c3c,0x012B4C3C,0x012B4C54,24
FUN_012b4c64,0x012B4C64,0x012B4D84,288
FUN_012b4d8c,0x012B4D8C,0x012B4DA4,24
FUN_012b4db4,0x012B4DB4,0x012B4E24,112
FUN_012b4e2c,0x012B4E2C,0x012B4F28,252
FUN_012b5014,0x012B5014,0x012B5048,52
FUN_012b5050,0x012B5050,0x012B5074,36
FUN_012b507c,0x012B507C,0x012B50BC,64
FUN_012b50c4,0x012B50C4,0x012B52A4,480
FUN_012b52ac,0x012B52AC,0x012B52FC,80
FUN_012b5304,0x012B5304,0x012B532C,40
FUN_012b5334,0x012B5334,0x012B535C,40
FUN_012b5364,0x012B5364,0x012B538C,40
FUN_012b5394,0x012B5394,0x012B53D4,64
FUN_012b53e4,0x012B53E4,0x012B5424,64
FUN_012b5434,0x012B5434,0x012B5474,64
FUN_012b5484,0x012B5484,0x012B54C4,64
FUN_012b54d4,0x012B54D4,0x012B5514,64
FUN_012b5524,0x012B5524,0x012B5568,68
FUN_012b557c,0x012B557C,0x012B559C,32
FUN_012b55e4,0x012B55E4,0x012B5654,112
FUN_012b565c,0x012B565C,0x012B5688,44
FUN_012b5690,0x012B5690,0x012B56BC,44
FUN_012b56c4,0x012B56C4,0x012B56E8,36
FUN_012b64fc,0x012B64FC,0x012B6564,104
FUN_012b6574,0x012B6574,0x012B65EC,120
FUN_012b65f4,0x012B65F4,0x012B6630,60
FUN_012b6638,0x012B6638,0x012B6760,296
FUN_012b6768,0x012B6768,0x012B67C8,96
FUN_012b67d0,0x012B67D0,0x012B67E8,24
FUN_012b67f0,0x012B67F0,0x012B6BD8,1000
FUN_012b6d00,0x012B6D00,0x012B6D54,84
FUN_012b6d70,0x012B6D70,0x012B6E54,228
FUN_012b6e5c,0x012B6E5C,0x012B6E98,60
FUN_012b73c0,0x012B73C0,0x012B74A8,232
FUN_012b758c,0x012B758C,0x012B7670,228
FUN_012b76f8,0x012B76F8,0x012B77D8,224
FUN_012b7860,0x012B7860,0x012B7950,240
FUN_012b79e8,0x012B79E8,0x012B7AE4,252
FUN_012b7b78,0x012B7B78,0x012B7C58,224
FUN_012b7d5c,0x012B7D5C,0x012B7E48,236
FUN_012b7f10,0x012B7F10,0x012B7FFC,236
FUN_012b80c4,0x012B80C4,0x012B81B0,236
FUN_012b8268,0x012B8268,0x012B8350,232
FUN_012b83ec,0x012B83EC,0x012B84CC,224
FUN_012b8598,0x012B8598,0x012B8694,252
FUN_012b8728,0x012B8728,0x012B888C,356
FUN_012b8894,0x012B8894,0x012B89B8,292
FUN_012b89c0,0x012B89C0,0x012B8A28,104
FUN_012b90a0,0x012B90A0,0x012B91A8,264
FUN_012b91d8,0x012B91D8,0x012B92E0,264
FUN_012b9310,0x012B9310,0x012B9478,360
FUN_012b94b4,0x012B94B4,0x012B95D4,288
FUN_012b9608,0x012B9608,0x012B978C,388
FUN_012b9794,0x012B9794,0x012B98B8,292
FUN_012b98c0,0x012B98C0,0x012B9ACC,524
FUN_012b9ad4,0x012B9AD4,0x012B9B64,144
FUN_012b9c08,0x012B9C08,0x012B9EAC,676
FUN_012b9eb4,0x012B9EB4,0x012B9F7C,200
FUN_012ba6b8,0x012BA6B8,0x012BA770,184
FUN_012bab34,0x012BAB34,0x012BAB4C,24
FUN_012bad70,0x012BAD70,0x012BAE84,276
FUN_012bae8c,0x012BAE8C,0x012BB030,420
FUN_012bb038,0x012BB038,0x012BB2E8,688
FUN_012bb2f0,0x012BB2F0,0x012BB3CC,220
FUN_012bb3d4,0x012BB3D4,0x012BB488,180
FUN_012bb7e0,0x012BB7E0,0x012BB8B8,216
FUN_012bb8c0,0x012BB8C0,0x012BBA0C,332
FUN_012bba14,0x012BBA14,0x012BBB3C,296
FUN_012bbda8,0x012BBDA8,0x012BBE30,136
FUN_012bbe38,0x012BBE38,0x012BBEC8,144
FUN_012bbed0,0x012BBED0,0x012BBF5C,140
FUN_012bbfa4,0x012BBFA4,0x012BBFEC,72
FUN_012bbff4,0x012BBFF4,0x012BC080,140
FUN_012bc088,0x012BC088,0x012BC114,140
FUN_012bc11c,0x012BC11C,0x012BC1A8,140
FUN_012bc1b0,0x012BC1B0,0x012BC23C,140
FUN_012bc244,0x012BC244,0x012BC2D0,140
FUN_012bc2d8,0x012BC2D8,0x012BC364,140
FUN_012bc36c,0x012BC36C,0x012BC3F8,140
FUN_012bc400,0x012BC400,0x012BC48C,140
FUN_012bc494,0x012BC494,0x012BC520,140
FUN_012bc528,0x012BC528,0x012BC5B4,140
FUN_012bc5bc,0x012BC5BC,0x012BC648,140
FUN_012bc6c0,0x012BC6C0,0x012BC6F4,52
FUN_012bc704,0x012BC704,0x012BC794,144
FUN_012bc860,0x012BC860,0x012BC8F4,148
FUN_012bc9b0,0x012BC9B0,0x012BCA44,148
FUN_012bcb88,0x012BCB88,0x012BCC04,124
FUN_012bcce0,0x012BCCE0,0x012BCD74,148
FUN_012bce50,0x012BCE50,0x012BCEE4,148
FUN_012bcfa4,0x012BCFA4,0x012BD038,148
FUN_012bd110,0x012BD110,0x012BD1A4,148
FUN_012bd2a0,0x012BD2A0,0x012BD334,148
FUN_012bd600,0x012BD600,0x012BD6DC,220
FUN_012bd6f0,0x012BD6F0,0x012BD71C,44
FUN_012bd724,0x012BD724,0x012BD748,36
FUN_012bd750,0x012BD750,0x012BD77C,44
FUN_012bd784,0x012BD784,0x012BD7A8,36
FUN_012bd7b0,0x012BD7B0,0x012BD7E4,52
FUN_012bd7ec,0x012BD7EC,0x012BD820,52
FUN_012bd828,0x012BD828,0x012BD860,56
FUN_012bd868,0x012BD868,0x012BD8A0,56
FUN_012bd8a8,0x012BD8A8,0x012BD8E0,56
FUN_012bd8e8,0x012BD8E8,0x012BD920,56
FUN_012bd928,0x012BD928,0x012BD958,48
FUN_012bd960,0x012BD960,0x012BD990,48
FUN_012bd998,0x012BD998,0x012BD9C8,48
FUN_012bd9d0,0x012BD9D0,0x012BDA04,52
FUN_012bda0c,0x012BDA0C,0x012BDA3C,48
FUN_012bda44,0x012BDA44,0x012BDA68,36
FUN_012bda70,0x012BDA70,0x012BDA9C,44
FUN_012bdaa4,0x012BDAA4,0x012BDAD0,44
FUN_012bdad8,0x012BDAD8,0x012BDB34,92
FUN_012bdc64,0x012BDC64,0x012BDCF0,140
FUN_012bdcf8,0x012BDCF8,0x012BDD20,40
FUN_012bdd28,0x012BDD28,0x012BDDB4,140
FUN_012bddbc,0x012BDDBC,0x012BDE78,188
FUN_012c14d0,0x012C14D0,0x012C1500,48
FUN_012c155c,0x012C155C,0x012C1A74,1304
FUN_012c1a80,0x012C1A80,0x012C1AD8,88
FUN_012c1ca8,0x012C1CA8,0x012C1D50,168
FUN_012c1d9c,0x012C1D9C,0x012C1DEC,80
FUN_012c204c,0x012C204C,0x012C21DC,400
FUN_012c2548,0x012C2548,0x012C2784,572
FUN_012c27a0,0x012C27A0,0x012C2950,432
FUN_012c2970,0x012C2970,0x012C29D8,104
FUN_012c2a08,0x012C2A08,0x012C2A50,72
FUN_012c2a58,0x012C2A58,0x012C2CA8,592
FUN_012c2cb0,0x012C2CB0,0x012C2D00,80
FUN_012c2f10,0x012C2F10,0x012C3000,240
FUN_012c3008,0x012C3008,0x012C3034,44
FUN_012c3284,0x012C3284,0x012C32A0,28
FUN_012c32b0,0x012C32B0,0x012C32C4,20
FUN_012c32cc,0x012C32CC,0x012C33A8,220
FUN_012c3514,0x012C3514,0x012C3528,20
FUN_012c3570,0x012C3570,0x012C35B0,64
FUN_012c3a6c,0x012C3A6C,0x012C3B48,220
FUN_012c3c08,0x012C3C08,0x012C3FC0,952
FUN_012c405c,0x012C405C,0x012C419C,320
FUN_012c4284,0x012C4284,0x012C4314,144
FUN_012c4450,0x012C4450,0x012C44A0,80
FUN_012c450c,0x012C450C,0x012C45C4,184
FUN_012c46f8,0x012C46F8,0x012C47B8,192
FUN_012c4f30,0x012C4F30,0x012C5058,296
FUN_012c5060,0x012C5060,0x012C50E4,132
FUN_012c50fc,0x012C50FC,0x012C51A0,164
FUN_012c527c,0x012C527C,0x012C52B0,52
FUN_012c52d0,0x012C52D0,0x012C52E8,24
FUN_012c52f0,0x012C52F0,0x012C5310,32
FUN_012c5330,0x012C5330,0x012C544C,284
FUN_012c5454,0x012C5454,0x012C574C,760
FUN_012c5754,0x012C5754,0x012C59B8,612
FUN_012c59dc,0x012C59DC,0x012C5AA0,196
FUN_012c5abc,0x012C5ABC,0x012C5AD0,20
FUN_012c8650,0x012C8650,0x012C86EC,156
FUN_012c876c,0x012C876C,0x012C8A70,772
FUN_012c8a78,0x012C8A78,0x012C8B84,268
FUN_012c8ca8,0x012C8CA8,0x012C8D54,172
FUN_012c8d6c,0x012C8D6C,0x012C8E20,180
FUN_012c90c8,0x012C90C8,0x012C918C,196
FUN_012c9194,0x012C9194,0x012C92A8,276
FUN_012c92b0,0x012C92B0,0x012C93C4,276
FUN_012c93cc,0x012C93CC,0x012C94D4,264
FUN_012c94e0,0x012C94E0,0x012C9558,120
FUN_012c9560,0x012C9560,0x012C95A0,64
FUN_012c9720,0x012C9720,0x012C984C,300
FUN_012c985c,0x012C985C,0x012C9A08,428
FUN_012c9a10,0x012C9A10,0x012C9A3C,44
FUN_012c9b80,0x012C9B80,0x012C9C68,232
FUN_012c9e3c,0x012C9E3C,0x012C9F40,260
FUN_012ca008,0x012CA008,0x012CA044,60
FUN_012ca04c,0x012CA04C,0x012CA07C,48
FUN_012ca084,0x012CA084,0x012CA0E0,92
FUN_012ca0e8,0x012CA0E8,0x012CA144,92
FUN_012ca14c,0x012CA14C,0x012CA1A8,92
FUN_012ca1b0,0x012CA1B0,0x012CA26C,188
FUN_012ca2a4,0x012CA2A4,0x012CA30C,104
FUN_012ca314,0x012CA314,0x012CA3E4,208
FUN_012ca3ec,0x012CA3EC,0x012CA480,148
FUN_012ca514,0x012CA514,0x012CA634,288
FUN_012ca63c,0x012CA63C,0x012CA770,308
FUN_012ca778,0x012CA778,0x012CA89C,292
FUN_012ca8a4,0x012CA8A4,0x012CA9C8,292
FUN_012ca9d0,0x012CA9D0,0x012CAAB0,224
FUN_012caab8,0x012CAAB8,0x012CAB98,224
FUN_012caba0,0x012CABA0,0x012CACB8,280
FUN_012cace0,0x012CACE0,0x012CB188,1192
FUN_012cb504,0x012CB504,0x012CB554,80
FUN_012cb55c,0x012CB55C,0x012CB5AC,80
FUN_012cb5b4,0x012CB5B4,0x012CB6C0,268
FUN_012cb6c8,0x012CB6C8,0x012CB7DC,276
FUN_012cb7e4,0x012CB7E4,0x012CB930,332
FUN_012cb938,0x012CB938,0x012CBA88,336
FUN_012cba90,0x012CBA90,0x012CBC9C,524
FUN_012cbd5c,0x012CBD5C,0x012CBEFC,416
FUN_012cc02c,0x012CC02C,0x012CC0C8,156
FUN_012cc0d0,0x012CC0D0,0x012CC144,116
FUN_012cc14c,0x012CC14C,0x012CC518,972
FUN_012cc520,0x012CC520,0x012CC968,1096
FUN_012cc9b8,0x012CC9B8,0x012CCBB4,508
FUN_012ccc10,0x012CCC10,0x012CCDA4,404
FUN_012cce04,0x012CCE04,0x012CCE60,92
FUN_012cd33c,0x012CD33C,0x012CD638,764
FUN_012cd640,0x012CD640,0x012CD7E4,420
FUN_012cd874,0x012CD874,0x012CDA88,532
FUN_012cda90,0x012CDA90,0x012CDECC,1084
FUN_012ce160,0x012CE160,0x012CE1FC,156
FUN_012ce204,0x012CE204,0x012CE3A8,420
FUN_012ce3b0,0x012CE3B0,0x012CE43C,140
FUN_012ce4e4,0x012CE4E4,0x012CE61C,312
FUN_012ce624,0x012CE624,0x012CE75C,312
FUN_012ce764,0x012CE764,0x012CE824,192
FUN_012ce844,0x012CE844,0x012CE8D4,144
FUN_012ce988,0x012CE988,0x012CEAF0,360
FUN_012ceb0c,0x012CEB0C,0x012CF0C4,1464
FUN_012cf0cc,0x012CF0CC,0x012CF148,124
FUN_012cf170,0x012CF170,0x012CF358,488
FUN_012cf374,0x012CF374,0x012CF4B4,320
FUN_012cf4d4,0x012CF4D4,0x012CF608,308
FUN_012cf61c,0x012CF61C,0x012CF6AC,144
FUN_012cf6cc,0x012CF6CC,0x012CF870,420
FUN_012cf878,0x012CF878,0x012CF890,24
FUN_012cf898,0x012CF898,0x012CF9A0,264
FUN_012cf9a8,0x012CF9A8,0x012CFAEC,324
FUN_012cfaf4,0x012CFAF4,0x012CFB0C,24
FUN_012cfb14,0x012CFB14,0x012CFC68,340
FUN_012cfc70,0x012CFC70,0x012CFC88,24
FUN_012cfc90,0x012CFC90,0x012CFD4C,188
FUN_012cfd6c,0x012CFD6C,0x012CFD84,24
FUN_012cfd8c,0x012CFD8C,0x012CFE78,236
FUN_012cfe94,0x012CFE94,0x012D054C,1720
FUN_012d0554,0x012D0554,0x012D0964,1040
FUN_012d096c,0x012D096C,0x012D0A10,164
FUN_012d0a18,0x012D0A18,0x012D0A30,24
FUN_012d0a38,0x012D0A38,0x012D0C44,524
FUN_012d0c60,0x012D0C60,0x012D0CB4,84
FUN_012d0cbc,0x012D0CBC,0x012D0DEC,304
FUN_012d0e0c,0x012D0E0C,0x012D0F28,284
FUN_012d143c,0x012D143C,0x012D14DC,160
FUN_012d1540,0x012D1540,0x012D1550,16
FUN_012d1568,0x012D1568,0x012D1584,28
FUN_012d159c,0x012D159C,0x012D15B4,24
FUN_012d15c4,0x012D15C4,0x012D1648,132
FUN_012d1758,0x012D1758,0x012D1784,44
FUN_012d178c,0x012D178C,0x012D1854,200
FUN_012d19ac,0x012D19AC,0x012D1C44,664
FUN_012d1cf0,0x012D1CF0,0x012D1D60,112
FUN_012d1da8,0x012D1DA8,0x012D2040,664
FUN_012d21fc,0x012D21FC,0x012D2250,84
FUN_012d2268,0x012D2268,0x012D22CC,100
FUN_012d22e4,0x012D22E4,0x012D233C,88
FUN_012d2354,0x012D2354,0x012D23B4,96
FUN_012d23cc,0x012D23CC,0x012D2424,88
FUN_012d243c,0x012D243C,0x012D249C,96
FUN_012d24b4,0x012D24B4,0x012D250C,88
FUN_012d2524,0x012D2524,0x012D2588,100
FUN_012d25a0,0x012D25A0,0x012D262C,140
FUN_012d2650,0x012D2650,0x012D26C8,120
FUN_012d26e8,0x012D26E8,0x012D2754,108
FUN_012d2774,0x012D2774,0x012D27EC,120
FUN_012d2810,0x012D2810,0x012D28A0,144
FUN_012d28c8,0x012D28C8,0x012D294C,132
FUN_012d2970,0x012D2970,0x012D29E0,112
FUN_012d29fc,0x012D29FC,0x012D2A6C,112
FUN_012d2a88,0x012D2A88,0x012D2AE8,96
FUN_012d2b04,0x012D2B04,0x012D2B60,92
FUN_012d2b78,0x012D2B78,0x012D2BE4,108
FUN_012d2e7c,0x012D2E7C,0x012D2F4C,208
FUN_012d2f54,0x012D2F54,0x012D3054,256
FUN_012d3118,0x012D3118,0x012D32D8,448
FUN_012d73a0,0x012D73A0,0x012D7504,356
FUN_012d750c,0x012D750C,0x012D7600,244
FUN_012d7608,0x012D7608,0x012D77C4,444
FUN_012d77cc,0x012D77CC,0x012D78FC,304
FUN_012d7910,0x012D7910,0x012D79DC,204
FUN_012d7a24,0x012D7A24,0x012D7E78,1108
FUN_012d7f48,0x012D7F48,0x012D7F84,60
FUN_012d7f8c,0x012D7F8C,0x012D810C,384
FUN_012d8144,0x012D8144,0x012D82DC,408
FUN_012d82e4,0x012D82E4,0x012D8470,396
FUN_012d84c0,0x012D84C0,0x012D859C,220
FUN_012d8a0c,0x012D8A0C,0x012D8AB8,172
FUN_012d8ac0,0x012D8AC0,0x012D8B68,168
FUN_012d8b70,0x012D8B70,0x012D8E0C,668
FUN_012d8e14,0x012D8E14,0x012D8EE8,212
FUN_012d8ef0,0x012D8EF0,0x012D8FA8,184
FUN_012d8fb0,0x012D8FB0,0x012D9154,420
FUN_012d915c,0x012D915C,0x012D9244,232
FUN_012d924c,0x012D924C,0x012D92BC,112
FUN_012d92c4,0x012D92C4,0x012D93AC,232
FUN_012d93b4,0x012D93B4,0x012D94C0,268
FUN_012d94c8,0x012D94C8,0x012D951C,84
FUN_012d952c,0x012D952C,0x012D95B8,140
FUN_012d95c8,0x012D95C8,0x012D960C,68
FUN_012d9614,0x012D9614,0x012D965C,72
FUN_012d9664,0x012D9664,0x012D96A0,60
FUN_012d96a8,0x012D96A8,0x012D96F0,72
FUN_012d96f8,0x012D96F8,0x012D979C,164
FUN_012d97b0,0x012D97B0,0x012D9864,180
FUN_012d9908,0x012D9908,0x012D9A4C,324
FUN_012d9ac4,0x012D9AC4,0x012D9B84,192
FUN_012d9b8c,0x012D9B8C,0x012D9DC4,568
FUN_012d9dcc,0x012D9DCC,0x012D9ECC,256
FUN_012da1a4,0x012DA1A4,0x012DA348,420
FUN_012da350,0x012DA350,0x012DA434,228
FUN_012da43c,0x012DA43C,0x012DA4A4,104
FUN_012da4ac,0x012DA4AC,0x012DA510,100
FUN_012da518,0x012DA518,0x012DA59C,132
FUN_012da5a4,0x012DA5A4,0x012DA618,116
FUN_012da620,0x012DA620,0x012DA7B4,404
FUN_012da7bc,0x012DA7BC,0x012DA8EC,304
FUN_012dc9a4,0x012DC9A4,0x012DCA50,172
FUN_012dca58,0x012DCA58,0x012DCACC,116
FUN_012dcad4,0x012DCAD4,0x012DCB18,68
FUN_012dd148,0x012DD148,0x012DD1A8,96
FUN_012dd1b0,0x012DD1B0,0x012DD21C,108
FUN_012dd224,0x012DD224,0x012DD240,28
FUN_012dd468,0x012DD468,0x012DD4F0,136
FUN_012dd4f8,0x012DD4F8,0x012DD654,348
FUN_012dd6b8,0x012DD6B8,0x012DD730,120
FUN_012dd738,0x012DD738,0x012DD97C,580
FUN_012dd984,0x012DD984,0x012DDBC8,580
FUN_012ddbd0,0x012DDBD0,0x012DDCE8,280
FUN_012ddcf0,0x012DDCF0,0x012DDD7C,140
FUN_012ddeb0,0x012DDEB0,0x012DDF3C,140
FUN_012de080,0x012DE080,0x012DE150,208
FUN_012de158,0x012DE158,0x012DE308,432
FUN_012de310,0x012DE310,0x012DE4C0,432
FUN_012de4c8,0x012DE4C8,0x012DE5F4,300
FUN_012de5fc,0x012DE5FC,0x012DE6DC,224
FUN_012de6e4,0x012DE6E4,0x012DE880,412
FUN_012de888,0x012DE888,0x012DE98C,260
FUN_012de994,0x012DE994,0x012DEAC8,308
FUN_012deaf8,0x012DEAF8,0x012DEBEC,244
FUN_012debf4,0x012DEBF4,0x012DED04,272
FUN_012ded0c,0x012DED0C,0x012DED64,88
FUN_012dedf0,0x012DEDF0,0x012DEE48,88
FUN_012def0c,0x012DEF0C,0x012DF080,372
FUN_012df088,0x012DF088,0x012DF188,256
FUN_012df1a0,0x012DF1A0,0x012DF1EC,76
FUN_012df1f4,0x012DF1F4,0x012DF20C,24
FUN_012df214,0x012DF214,0x012DF2E0,204
FUN_012df2f0,0x012DF2F0,0x012DF308,24
FUN_012df318,0x012DF318,0x012DF448,304
FUN_012df60c,0x012DF60C,0x012DF6F8,236
FUN_012df700,0x012DF700,0x012DF9E8,744
FUN_012df9f0,0x012DF9F0,0x012DFCF4,772
FUN_012dfcfc,0x012DFCFC,0x012E0020,804
FUN_012e007c,0x012E007C,0x012E024C,464
FUN_012e0254,0x012E0254,0x012E03E8,404
FUN_012e03f0,0x012E03F0,0x012E0484,148
FUN_012e048c,0x012E048C,0x012E05D0,324
FUN_012e05d8,0x012E05D8,0x012E0740,360
FUN_012e0910,0x012E0910,0x012E0A94,388
FUN_012e0a9c,0x012E0A9C,0x012E0ACC,48
FUN_012e0b58,0x012E0B58,0x012E0C54,252
FUN_012e0cd0,0x012E0CD0,0x012E0E0C,316
FUN_012e0e2c,0x012E0E2C,0x012E1064,568
FUN_012e107c,0x012E107C,0x012E11E0,356
FUN_012e1450,0x012E1450,0x012E1AF4,1700
FUN_012e1b48,0x012E1B48,0x012E1C78,304
FUN_012e1d68,0x012E1D68,0x012E1EE4,380
FUN_012e1efc,0x012E1EFC,0x012E211C,544
FUN_012e2134,0x012E2134,0x012E23D8,676
FUN_012e2410,0x012E2410,0x012E26B0,672
FUN_012e26b8,0x012E26B8,0x012E289C,484
FUN_012e28a4,0x012E28A4,0x012E2C18,884
FUN_012e2c20,0x012E2C20,0x012E2DC8,424
FUN_012e2dd8,0x012E2DD8,0x012E301C,580
FUN_012e3048,0x012E3048,0x012E3184,316
FUN_012e318c,0x012E318C,0x012E329C,272
FUN_012e32a4,0x012E32A4,0x012E3640,924
FUN_012e3648,0x012E3648,0x012E3AE0,1176
FUN_012e3ae8,0x012E3AE8,0x012E448C,2468
FUN_012e451c,0x012E451C,0x012E4890,884
FUN_012e4898,0x012E4898,0x012E4D34,1180
FUN_012e4d44,0x012E4D44,0x012E4EF4,432
FUN_012e5010,0x012E5010,0x012E54CC,1212
FUN_012e54d4,0x012E54D4,0x012E56EC,536
FUN_012e5708,0x012E5708,0x012E5A74,876
FUN_012e5a7c,0x012E5A7C,0x012E5E24,936
FUN_012e5e34,0x012E5E34,0x012E64A0,1644
FUN_012e64a8,0x012E64A8,0x012E6680,472
FUN_012e6688,0x012E6688,0x012E6C3C,1460
FUN_012e6d40,0x012E6D40,0x012E6D60,32
FUN_012e6d68,0x012E6D68,0x012E6E38,208
FUN_012e6e40,0x012E6E40,0x012E6E7C,60
FUN_012e6e84,0x012E6E84,0x012E6EA4,32
FUN_012e6eac,0x012E6EAC,0x012E70F0,580
FUN_012e70f8,0x012E70F8,0x012E7358,608
FUN_012e7360,0x012E7360,0x012E751C,444
FUN_012e7524,0x012E7524,0x012E76DC,440
FUN_012e7784,0x012E7784,0x012E786C,232
FUN_012e7874,0x012E7874,0x012E7A38,452
FUN_012e7a40,0x012E7A40,0x012E7C38,504
FUN_012e7c40,0x012E7C40,0x012E7F9C,860
FUN_012e80e0,0x012E80E0,0x012E823C,348
FUN_012e8244,0x012E8244,0x012E8410,460
FUN_012e8428,0x012E8428,0x012E8554,300
FUN_012e855c,0x012E855C,0x012E86F4,408
FUN_012e86fc,0x012E86FC,0x012E87EC,240
FUN_012e87f4,0x012E87F4,0x012E8A64,624
FUN_012e8a6c,0x012E8A6C,0x012E8CC8,604
FUN_012e8cd0,0x012E8CD0,0x012E8F48,632
FUN_012e8f74,0x012E8F74,0x012E8FCC,88
FUN_012e8fd4,0x012E8FD4,0x012E911C,328
FUN_012e9134,0x012E9134,0x012E9224,240
FUN_012e922c,0x012E922C,0x012E93CC,416
FUN_012e93ec,0x012E93EC,0x012E9510,292
FUN_012e9520,0x012E9520,0x012E99C0,1184
FUN_012e99d0,0x012E99D0,0x012E9B2C,348
FUN_012e9b34,0x012E9B34,0x012E9BBC,136
FUN_012e9bc4,0x012E9BC4,0x012E9EE4,800
FUN_012e9eec,0x012E9EEC,0x012EA064,376
FUN_012ea070,0x012EA070,0x012EA1C4,340
FUN_012ea1d4,0x012EA1D4,0x012EA36C,408
FUN_012ea560,0x012EA560,0x012EA604,164
FUN_012ea60c,0x012EA60C,0x012EB05C,2640
FUN_012eb09c,0x012EB09C,0x012EB320,644
FUN_012eb338,0x012EB338,0x012EB5DC,676
FUN_012eb5fc,0x012EB5FC,0x012EB6EC,240
FUN_012eb704,0x012EB704,0x012EB844,320
FUN_012eb85c,0x012EB85C,0x012EB99C,320
FUN_012eb9b4,0x012EB9B4,0x012EBB34,384
FUN_012ebc64,0x012EBC64,0x012EBE78,532
FUN_012ebe88,0x012EBE88,0x012EBF28,160
FUN_012ec9a4,0x012EC9A4,0x012ECB00,348
FUN_012ecba4,0x012ECBA4,0x012ECCDC,312
FUN_012ecdcc,0x012ECDCC,0x012ECE44,120
FUN_012ece4c,0x012ECE4C,0x012ECE98,76
FUN_012ecea0,0x012ECEA0,0x012ECEC8,40
FUN_012eced0,0x012ECED0,0x012ECF70,160
FUN_012ecf90,0x012ECF90,0x012ECFD4,68
FUN_012ecfe4,0x012ECFE4,0x012ED038,84
FUN_012ed050,0x012ED050,0x012ED0A4,84
FUN_012ed0bc,0x012ED0BC,0x012ED110,84
FUN_012ed128,0x012ED128,0x012ED1B4,140
FUN_012ed1c8,0x012ED1C8,0x012ED25C,148
FUN_012ed274,0x012ED274,0x012ED308,148
FUN_012ed320,0x012ED320,0x012ED3B4,148
FUN_012ed3cc,0x012ED3CC,0x012ED464,152
FUN_012ed480,0x012ED480,0x012ED4C4,68
FUN_012ed4d4,0x012ED4D4,0x012ED538,100
FUN_012ed548,0x012ED548,0x012ED5E4,156
FUN_012ed600,0x012ED600,0x012ED830,560
FUN_012ed84c,0x012ED84C,0x012ED8E8,156
FUN_012ed904,0x012ED904,0x012EDA10,268
FUN_012eda20,0x012EDA20,0x012EDA40,32
FUN_012eda50,0x012EDA50,0x012EDB1C,204
FUN_012edb2c,0x012EDB2C,0x012EDB44,24
FUN_012edb54,0x012EDB54,0x012EDB98,68
FUN_012edba0,0x012EDBA0,0x012EDC18,120
FUN_012edc48,0x012EDC48,0x012EDCBC,116
FUN_012edcc4,0x012EDCC4,0x012EDDE8,292
FUN_012eddf0,0x012EDDF0,0x012EDE10,32
FUN_012ede20,0x012EDE20,0x012EDE50,48
FUN_012ede60,0x012EDE60,0x012EDE80,32
FUN_012ede90,0x012EDE90,0x012EDEC0,48
FUN_012eded0,0x012EDED0,0x012EDEF0,32
FUN_012edf00,0x012EDF00,0x012EDF34,52
FUN_012edf44,0x012EDF44,0x012EDF90,76
FUN_012ee020,0x012EE020,0x012EE09C,124
FUN_012ee0b8,0x012EE0B8,0x012EE15C,164
FUN_012ee254,0x012EE254,0x012EE2D0,124
FUN_012ee2ec,0x012EE2EC,0x012EE320,52
FUN_012ee330,0x012EE330,0x012EE3DC,172
FUN_012ee3fc,0x012EE3FC,0x012EE478,124
FUN_012ee494,0x012EE494,0x012EE500,108
FUN_012ee520,0x012EE520,0x012EE540,32
FUN_012ee550,0x012EE550,0x012EE584,52
FUN_012ee594,0x012EE594,0x012EE5B4,32
FUN_012ee5c4,0x012EE5C4,0x012EE5F4,48
FUN_012ee604,0x012EE604,0x012EE624,32
FUN_012ee634,0x012EE634,0x012EE668,52
FUN_012ee678,0x012EE678,0x012EE698,32
FUN_012ee6a8,0x012EE6A8,0x012EE6D8,48
FUN_012ee6e8,0x012EE6E8,0x012EE708,32
FUN_012ee730,0x012EE730,0x012EE760,48
FUN_012ee770,0x012EE770,0x012EE79C,44
FUN_012ee7ac,0x012EE7AC,0x012EE7E0,52
FUN_012ee7f0,0x012EE7F0,0x012EE820,48
FUN_012ee830,0x012EE830,0x012EE850,32
FUN_012ee860,0x012EE860,0x012EE894,52
FUN_012ee8d0,0x012EE8D0,0x012EE900,48
FUN_012f46e8,0x012F46E8,0x012F47F8,272
FUN_012f4800,0x012F4800,0x012F48A0,160
FUN_012f48a8,0x012F48A8,0x012F4920,120
FUN_012f4928,0x012F4928,0x012F49C4,156
FUN_012f49cc,0x012F49CC,0x012F4CD8,780
FUN_012f4ce0,0x012F4CE0,0x012F4CFC,28
FUN_012f4d04,0x012F4D04,0x012F4D38,52
FUN_012f4d40,0x012F4D40,0x012F4D5C,28
FUN_012f4d64,0x012F4D64,0x012F4D8C,40
FUN_012f4d94,0x012F4D94,0x012F4DB0,28
FUN_012f4db8,0x012F4DB8,0x012F4DE0,40
FUN_012f4de8,0x012F4DE8,0x012F5064,636
FUN_012f506c,0x012F506C,0x012F5170,260
FUN_012f5178,0x012F5178,0x012F52C8,336
FUN_012f52d0,0x012F52D0,0x012F5368,152
FUN_012f5370,0x012F5370,0x012F5394,36
FUN_012f539c,0x012F539C,0x012F53C0,36
FUN_012f53c8,0x012F53C8,0x012F5518,336
FUN_012f5520,0x012F5520,0x012F5544,36
FUN_012f554c,0x012F554C,0x012F5574,40
FUN_012f557c,0x012F557C,0x012F5598,28
FUN_012f55a0,0x012F55A0,0x012F55FC,92
FUN_012f5604,0x012F5604,0x012F562C,40
FUN_012f63f0,0x012F63F0,0x012F643C,76
FUN_012f6444,0x012F6444,0x012F6484,64
FUN_012f648c,0x012F648C,0x012F64D4,72
FUN_012f64dc,0x012F64DC,0x012F6528,76
FUN_012f6558,0x012F6558,0x012F6604,172
FUN_012f6614,0x012F6614,0x012F6724,272
FUN_012f675c,0x012F675C,0x012F679C,64
FUN_012f67b4,0x012F67B4,0x012F67D4,32
FUN_012f67e4,0x012F67E4,0x012F6804,32
FUN_012f6814,0x012F6814,0x012F683C,40
FUN_012f684c,0x012F684C,0x012F6864,24
FUN_012f6874,0x012F6874,0x012F6898,36
FUN_012f68a0,0x012F68A0,0x012F69C8,296
FUN_012f69d0,0x012F69D0,0x012F6A04,52
FUN_012f6ad4,0x012F6AD4,0x012F6B2C,88
FUN_012f6b60,0x012F6B60,0x012F6BC0,96
FUN_012f6bd8,0x012F6BD8,0x012F6C2C,84
FUN_012f6c40,0x012F6C40,0x012F6C88,72
FUN_012f6cb0,0x012F6CB0,0x012F6D30,128
FUN_012f6d48,0x012F6D48,0x012F6D84,60
FUN_012f6d9c,0x012F6D9C,0x012F6DBC,32
FUN_012f6dc4,0x012F6DC4,0x012F6DE4,32
FUN_012f6dec,0x012F6DEC,0x012F6E34,72
FUN_012f6e54,0x012F6E54,0x012F6E94,64
FUN_012f6f38,0x012F6F38,0x012F6F58,32
FUN_012f6f60,0x012F6F60,0x012F6F80,32
FUN_012f6f88,0x012F6F88,0x012F6FD8,80
FUN_012f6fe8,0x012F6FE8,0x012F7018,48
FUN_012f7028,0x012F7028,0x012F72EC,708
FUN_012f74ac,0x012F74AC,0x012F74D4,40
FUN_0130b5f8,0x0130B5F8,0x0130B628,48
FUN_0130b630,0x0130B630,0x0130B6B8,136
FUN_0130b6c0,0x0130B6C0,0x0130B75C,156
FUN_0130b7bc,0x0130B7BC,0x0130B848,140
FUN_0130ba78,0x0130BA78,0x0130BBDC,356
FUN_0130bbe4,0x0130BBE4,0x0130BC7C,152
FUN_0130bcb0,0x0130BCB0,0x0130BCF8,72
FUN_0130bdd4,0x0130BDD4,0x0130C118,836
FUN_0130c120,0x0130C120,0x0130C168,72
FUN_0130c170,0x0130C170,0x0130C1C4,84
FUN_0130c230,0x0130C230,0x0130C268,56
FUN_0130c270,0x0130C270,0x0130C2A8,56
FUN_0130c2b0,0x0130C2B0,0x0130C37C,204
FUN_0130c398,0x0130C398,0x0130C4B8,288
FUN_0130c4e0,0x0130C4E0,0x0130C518,56
FUN_0130c520,0x0130C520,0x0130C550,48
FUN_0130c574,0x0130C574,0x0130C5B8,68
FUN_0130c5c0,0x0130C5C0,0x0130C630,112
FUN_0130c638,0x0130C638,0x0130C664,44
FUN_0130c688,0x0130C688,0x0130C900,632
FUN_0130c9b8,0x0130C9B8,0x0130CA4C,148
FUN_0130ca54,0x0130CA54,0x0130CA90,60
FUN_0130cac8,0x0130CAC8,0x0130CC04,316
FUN_0130ccb4,0x0130CCB4,0x0130CE44,400
FUN_0130cf10,0x0130CF10,0x0130CFB4,164
FUN_0130d014,0x0130D014,0x0130D084,112
FUN_0130d0e8,0x0130D0E8,0x0130D18C,164
FUN_0130d1d8,0x0130D1D8,0x0130D260,136
FUN_0130d45c,0x0130D45C,0x0130D508,172
FUN_0130d560,0x0130D560,0x0130D59C,60
FUN_0130d604,0x0130D604,0x0130D6D0,204
FUN_0130d734,0x0130D734,0x0130D7A4,112
FUN_0130d850,0x0130D850,0x0130D8D0,128
FUN_0130d91c,0x0130D91C,0x0130D970,84
FUN_0130da2c,0x0130DA2C,0x0130DA6C,64
FUN_0130dab4,0x0130DAB4,0x0130DAD8,36
FUN_0130dae0,0x0130DAE0,0x0130DB00,32
FUN_0130db08,0x0130DB08,0x0130DB40,56
FUN_0130db84,0x0130DB84,0x0130DBA4,32
FUN_0130dbac,0x0130DBAC,0x0130DDD0,548
FUN_0130decc,0x0130DECC,0x0130DF54,136
FUN_0130e018,0x0130E018,0x0130E0B4,156
FUN_0130e2c8,0x0130E2C8,0x0130E34C,132
FUN_0130e3a8,0x0130E3A8,0x0130E478,208
FUN_0130e4dc,0x0130E4DC,0x0130E57C,160
FUN_0130e5f0,0x0130E5F0,0x0130E68C,156
FUN_0130e694,0x0130E694,0x0130E6CC,56
FUN_0130e6d4,0x0130E6D4,0x0130E730,92
FUN_0130e738,0x0130E738,0x0130E794,92
FUN_0130e7a4,0x0130E7A4,0x0130E7D8,52
FUN_0130e7e8,0x0130E7E8,0x0130E80C,36
FUN_0130e814,0x0130E814,0x0130E880,108
FUN_0130e888,0x0130E888,0x0130E934,172
FUN_0130e95c,0x0130E95C,0x0130E990,52
FUN_0130e998,0x0130E998,0x0130E9E4,76
FUN_0130e9ec,0x0130E9EC,0x0130EB18,300
FUN_0130eb30,0x0130EB30,0x0130EBB8,136
FUN_0130ebc8,0x0130EBC8,0x0130EC5C,148
FUN_0130ec6c,0x0130EC6C,0x0130ECE0,116
FUN_0130ece8,0x0130ECE8,0x0130ED74,140
FUN_0130ed84,0x0130ED84,0x0130EE54,208
FUN_0130ee5c,0x0130EE5C,0x0130EE9C,64
FUN_0130eeb0,0x0130EEB0,0x0130EF34,132
FUN_0130ef3c,0x0130EF3C,0x0130F02C,240
FUN_0130f03c,0x0130F03C,0x0130F0D4,152
FUN_0130f578,0x0130F578,0x0130F5A4,44
FUN_0130f5c8,0x0130F5C8,0x0130F5F0,40
FUN_0130f600,0x0130F600,0x0130F6A8,168
FUN_0130f6d8,0x0130F6D8,0x0130F728,80
FUN_0130f760,0x0130F760,0x0130F784,36
FUN_0130f78c,0x0130F78C,0x0130F8A4,280
FUN_0130fdb8,0x0130FDB8,0x0130FDE8,48
FUN_0130fdf0,0x0130FDF0,0x0131017C,908
FUN_013102c4,0x013102C4,0x0131040C,328
FUN_013104c4,0x013104C4,0x013104E4,32
FUN_013104ec,0x013104EC,0x01310528,60
FUN_00103a70,0x00103A70,0x00103AB0,64
FUN_00103ab0,0x00103AB0,0x00103AF8,72
FUN_00103af8,0x00103AF8,0x00103B28,48
